https://kampusetkinlikleri.com/etkinlik/1469/15th-international-supply-chain-camp,15th International Supply Chain Camp
https://kampusetkinlikleri.com/etkinlik/1518/basari-hikayeleri,Başarı Hikayeleri
https://kampusetkinlikleri.com/etkinlik/1484/beton-kano-yarismasi,Beton Kano Yarışması
https://kampusetkinlikleri.com/etkinlik/1517/sanal-kariyer-panayiri,Sanal Kariyer Panayırı
https://kampusetkinlikleri.com/etkinlik/1504/cem-ogretir-semineri-kayseri,Cem Öğretir Semineri Kayseri
https://kampusetkinlikleri.com/etkinlik/1470/surdurulebilir-ekosistem-gunleri,Sürdürülebilir Ekosistem Günleri
https://kampusetkinlikleri.com/etkinlik/1496/15.-ulusal-profesyoneller-ve-basarili-yoneticilerle-sektorler-kongresi,15. Ulusal Profesyoneller ve Başarılı Yöneticilerle Sektörler Kongresi
https://kampusetkinlikleri.com/etkinlik/1482/young-summit,Young Summit
https://kampusetkinlikleri.com/etkinlik/1490/career-lab,Career Lab
https://kampusetkinlikleri.com/etkinlik/1503/atolyemiz,AtölyeMİZ
https://kampusetkinlikleri.com/etkinlik/1491/liderlik-kampi-20,Liderlik Kampı'20
https://kampusetkinlikleri.com/etkinlik/1494/liderlik-kampi-20,Liderlik Kampı'20
https://kampusetkinlikleri.com/etkinlik/1480/unicera-fuari,Unicera Fuarı
https://kampusetkinlikleri.com/etkinlik/1495/business-for-all-20,Business For ALL'20
https://kampusetkinlikleri.com/etkinlik/1501/bireysel-gelisim-gunleri,Bireysel Gelişim Günleri
https://kampusetkinlikleri.com/etkinlik/1489/5.psikoloji-kulubu,5.Psikoloji Kulübü
https://kampusetkinlikleri.com/etkinlik/1492/5.psikoloji-gunleri,5.Psikoloji Günleri
https://kampusetkinlikleri.com/etkinlik/1497/technovation,Technovation
https://kampusetkinlikleri.com/etkinlik/1498/yatirim-egitimi,Yatırım Eğitimi
https://kampusetkinlikleri.com/etkinlik/1500/dunya-kadinlar-gunu,Dünya Kadınlar Günü 
https://kampusetkinlikleri.com/etkinlik/1475/yukselen-teknoloji-plus,Yükselen Teknoloji PLUS
https://kampusetkinlikleri.com/etkinlik/1499/genc-muhendis-gunleri-gencmuh-20,Genç Mühendis Günleri (GENÇMÜH'20)
https://kampusetkinlikleri.com/etkinlik/1454/global-opportunities-in-business-and-investment,Global Opportunities in Business and Investment
https://kampusetkinlikleri.com/etkinlik/1479/malzeme-gunleri-20,Malzeme Günleri'20
https://kampusetkinlikleri.com/etkinlik/1476/yeni-isim-girisim,YENİ İŞİM GİRİŞİM 
https://kampusetkinlikleri.com/etkinlik/1472/civilcon-20,CivilCon'20
https://kampusetkinlikleri.com/etkinlik/1473/startup-mockup-yarisma-basvurulari,Startup Mockup Yarışma Başvuruları
https://kampusetkinlikleri.com/etkinlik/1474/zonguldak-bulent-ecevit-universitesi-ekonomi-ve-finans-zirvesi-2020,Zonguldak Bülent Ecevit Üniversitesi Ekonomi ve Finans Zirvesi 2020
https://kampusetkinlikleri.com/etkinlik/1455/business-trip-20,Business Trip'20
https://kampusetkinlikleri.com/etkinlik/1486/inspectrends,InspecTrends
https://kampusetkinlikleri.com/etkinlik/1485/ayakustu-kariyer,Ayaküstü Kariyer
https://kampusetkinlikleri.com/etkinlik/1487/ayakustu-kariyer-cci,Ayaküstü Kariyer | CCI
https://kampusetkinlikleri.com/etkinlik/1478/7.-malzeme-gunleri,7. Malzeme Günleri
https://kampusetkinlikleri.com/etkinlik/1468/kamp-20,KAMP'20
https://kampusetkinlikleri.com/etkinlik/1471/itu-emos-endustri-muhendisligi-ogrenci-sempozyumu,İTÜ EMÖS(ENDÜSTRİ MÜHENDİSLİĞİ ÖĞRENCİ SEMPOZYUMU)
https://kampusetkinlikleri.com/etkinlik/1514/siniflarimiza-tekstil-destegi,Sınıflarımıza Tekstil Desteği
https://kampusetkinlikleri.com/etkinlik/1439/marketech,MarkeTech
https://kampusetkinlikleri.com/etkinlik/1462/cv-hazirlama-ve-mulakat-teknikleri,CV Hazırlama ve Mülakat Teknikleri
https://kampusetkinlikleri.com/etkinlik/1463/e-ticaret-zirvesi,E-Ticaret Zirvesi
https://kampusetkinlikleri.com/etkinlik/1431/15.-genc-akademi,15. Genç AKADEMİ
https://kampusetkinlikleri.com/etkinlik/1452/sifirin-altinda-marketing-19,Sıfırın Altında Marketing'19
https://kampusetkinlikleri.com/etkinlik/1456/eskisehir-savunma-sanayii-konferansi,Eskişehir Savunma Sanayii Konferansı
https://kampusetkinlikleri.com/etkinlik/1437/ekonomi-akademisi-etap-2.1-cv-hazirlama,Ekonomi Akademisi Etap 2.1 [CV Hazırlama]
https://kampusetkinlikleri.com/etkinlik/1449/trendler-zirvesi,Trendler Zirvesi
https://kampusetkinlikleri.com/etkinlik/1436/ekonomi-akademisi-etap-2.4-cv-hazirlama,Ekonomi Akademisi Etap 2.4 [CV Hazırlama]
https://kampusetkinlikleri.com/etkinlik/1446/ayakustu-kariyer-19-pwc,Ayaküstü Kariyer'19 | PwC
https://kampusetkinlikleri.com/etkinlik/1435/ekonomi-akademisi-etap-1.2-turkiye-ve-dunya-ekonomisi,Ekonomi Akademisi Etap 1.2 [Türkiye ve Dünya Ekonomisi]
https://kampusetkinlikleri.com/etkinlik/1434/ekonomi-akademisi-etap-2.3-cv-hazirlama,Ekonomi Akademisi Etap 2.3 [CV Hazırlama]
https://kampusetkinlikleri.com/etkinlik/1448/1.geriatrik-dis-hekimligi-sempozyumu,1.GERİATRİK DİŞ HEKİMLİĞİ SEMPOZYUMU
https://kampusetkinlikleri.com/etkinlik/1450/13.kale-egitim-ve-kariyer-organizasyonu,13.KALE Eğitim ve Kariyer Organizasyonu
https://kampusetkinlikleri.com/etkinlik/1451/biz-bize-soylesiler,Biz Bize Söyleşiler
https://kampusetkinlikleri.com/etkinlik/1453/7.-kariyer-gunleri,7. Kariyer Günleri
https://kampusetkinlikleri.com/etkinlik/1440/13.-ankara-startup-zirvesi,13. Ankara Startup Zirvesi
https://kampusetkinlikleri.com/etkinlik/1445/ytu-girisimcilik-kulubu-ideathon,YTU Girişimcilik Kulübü Ideathon
https://kampusetkinlikleri.com/etkinlik/1424/iii.-mulkiye-ekonomi-kongresi,III. MÜLKİYE EKONOMİ KONGRESİ
https://kampusetkinlikleri.com/etkinlik/1461/tcmb---merkez-bankali-olmak,TCMB - Merkez Bankalı Olmak
https://kampusetkinlikleri.com/etkinlik/1458/finansal-kurumlar-gezisi,Finansal Kurumlar Gezisi
https://kampusetkinlikleri.com/etkinlik/1464/kozmetik-urun-yapim-atolyesi,Kozmetik Ürün Yapım Atölyesi
https://kampusetkinlikleri.com/etkinlik/1433/ekonomi-akademisi-etap-1.3-turkiye-ve-dunya-ekonomisi,Ekonomi Akademisi Etap 1.3 [Türkiye ve Dünya Ekonomisi]
https://kampusetkinlikleri.com/etkinlik/1443/teknik-gezi,TEKNİK GEZİ
https://kampusetkinlikleri.com/etkinlik/1444/hrzone-digital,HRZone Digital
https://kampusetkinlikleri.com/etkinlik/1447/14.kariyer-gunleri,14.Kariyer Günleri
https://kampusetkinlikleri.com/etkinlik/1428/ekonomi-akademisi-etap-2.2-cv-hazirlama,Ekonomi Akademisi Etap 2.2 [CV Hazırlama]
https://kampusetkinlikleri.com/etkinlik/1427/ekonomi-akademisi-etap-1.1-turkiye-ve-dunya-ekonomisi,Ekonomi Akademisi Etap 1.1 [Türkiye ve Dünya Ekonomisi]
https://kampusetkinlikleri.com/etkinlik/1438/girisimcilik-ve-inovasyon-zirvesi,Girişimcilik ve İnovasyon Zirvesi 
https://kampusetkinlikleri.com/etkinlik/1441/marketing6.19,MARKETING6.19
https://kampusetkinlikleri.com/etkinlik/1516/gulumseten-bulusma,Gülümseten Buluşma
https://kampusetkinlikleri.com/etkinlik/1400/4.-dijifikir-e-is-fikri-yarismasi,4. Dijifikir E-İş Fikri Yarışması
https://kampusetkinlikleri.com/etkinlik/1423/itu-imk-12.-bilisim-teknolojileri-zirvesi,İTÜ İMK 12. Bilişim Teknolojileri Zirvesi
https://kampusetkinlikleri.com/etkinlik/1432/indevo-19,IndEvo'19
https://kampusetkinlikleri.com/etkinlik/1457/girisimcilik-ve-risk-yonetimi-zirvesi,Girişimcilik ve Risk Yönetimi Zirvesi
https://kampusetkinlikleri.com/etkinlik/1381/biyobilim-5-kanser,BİYOBİLİM 5 KANSER
https://kampusetkinlikleri.com/etkinlik/1417/endustri-muhendisligi-gunleri-19,Endüstri Mühendisliği Günleri'19
https://kampusetkinlikleri.com/etkinlik/1426/mezunlar-teatalk-cemalettin-orhan,Mezunlar TeaTalk Cemalettin Orhan
https://kampusetkinlikleri.com/etkinlik/1413/global-girisimcilik-gunu,Global Girişimcilik Günü
https://kampusetkinlikleri.com/etkinlik/1430/genc-girisim-akademisi-gga-19,Genç Girişim Akademisi GGA'19
https://kampusetkinlikleri.com/etkinlik/1401/pazarlama-ve-finans-zirvesi,Pazarlama ve Finans Zirvesi
https://kampusetkinlikleri.com/etkinlik/1411/4.-e-guven-akademi,4. E-GÜVEN Akademi 
https://kampusetkinlikleri.com/etkinlik/1403/27.-itu-sektor-gunleri,27. İTÜ Sektör Günleri
https://kampusetkinlikleri.com/etkinlik/1422/management-and-engineering-day-med,Management and Engineering Day (MED)
https://kampusetkinlikleri.com/etkinlik/1481/chemsem,ChemSem
https://kampusetkinlikleri.com/etkinlik/1393/9.-insan-kaynaklari-zirvesi,9. İnsan Kaynakları Zirvesi
https://kampusetkinlikleri.com/etkinlik/1425/autocad-egitimi,AutoCAD Eğitimi
https://kampusetkinlikleri.com/etkinlik/1416/cv-ni-guncelle-19,CV'ni Güncelle'19
https://kampusetkinlikleri.com/etkinlik/1419/turkiye-de-bankacilik-sektoru,TÜRKİYE'DE BANKACILIK SEKTÖRÜ 
https://kampusetkinlikleri.com/etkinlik/1442/networking-oyunu,Networking Oyunu
https://kampusetkinlikleri.com/etkinlik/1412/benden-ne-olur,Benden Ne Olur?
https://kampusetkinlikleri.com/etkinlik/1388/tcmb-girisimci-liderler-toplulugu-universiteler-bulusuyor-programi,TCMB & Girişimci Liderler Topluluğu Üniversiteler Buluşuyor Programı
https://kampusetkinlikleri.com/etkinlik/1415/kamuda-kariyer,Kamuda Kariyer
https://kampusetkinlikleri.com/etkinlik/1414/otomobil-sporlari-soylesisi,Otomobil Sporları Söyleşisi
https://kampusetkinlikleri.com/etkinlik/1384/sektore-buyutec-9,Sektöre Büyüteç'9
https://kampusetkinlikleri.com/etkinlik/1407/hsbky-level-up-party,HSBKY LEVEL UP PARTY
https://kampusetkinlikleri.com/etkinlik/1396/girisimci-akademi-19,Girişimci Akademi'19
https://kampusetkinlikleri.com/etkinlik/1395/just-in-case-19,Just in Case'19
https://kampusetkinlikleri.com/etkinlik/1404/borsa-istanbul-a-gidiyoruz,Borsa İstanbul'a Gidiyoruz!
https://kampusetkinlikleri.com/etkinlik/1398/15.-kisisel-gelisim-gunleri,15. Kişisel Gelişim Günleri
https://kampusetkinlikleri.com/etkinlik/1402/gonullu-saglik-calismalari,Gönüllü Sağlık Çalışmaları
https://kampusetkinlikleri.com/etkinlik/1392/otopark.com-soylesisi,OTOPARK.COM SÖYLEŞİSİ
https://kampusetkinlikleri.com/etkinlik/1394/ayakustu-kariyer-19-dogus-facebook-kolektif-house,"Ayaküstü Kariyer'19 | Doğuş, Facebook, Kolektif House"
https://kampusetkinlikleri.com/etkinlik/1410/genc-akademi-temsilcilik-basvurusu,Genç AKADEMİ Temsilcilik Başvurusu
https://kampusetkinlikleri.com/etkinlik/1515/geleneksel-tekstil-muhendisligi-zirvesi,Geleneksel Tekstil Mühendisliği Zirvesi
https://kampusetkinlikleri.com/etkinlik/1513/geleneksel-muteks-tanisma-kahvaltisi,Geleneksel MÜTEKS Tanışma Kahvaltısı
https://kampusetkinlikleri.com/etkinlik/1387/girisimci-liderler-toplulugu-tanisma-cayi,Girişimci Liderler Topluluğu Tanışma Çayı
https://kampusetkinlikleri.com/etkinlik/1390/ayakustu-kariyer-iyzico,Ayaküstü Kariyer | Iyzico
https://kampusetkinlikleri.com/etkinlik/1386/girisimci-liderler-toplulugu-tanisma-toplantisi,Girişimci Liderler Topluluğu Tanışma Toplantısı
https://kampusetkinlikleri.com/etkinlik/1353/hucon,HÜCON
https://kampusetkinlikleri.com/etkinlik/1373/genclik-konseri,Gençlik Konseri
https://kampusetkinlikleri.com/etkinlik/1352/case-speech-entrepreneurship-vertex,Case Speech & Entrepreneurship Vertex
https://kampusetkinlikleri.com/etkinlik/1354/ankara-universitesi-bilisim-gunleri-bi-gun-ankara,Ankara Üniversitesi Bilişim Günleri Bi'Gün Ankara
https://kampusetkinlikleri.com/etkinlik/1355/8.-geleneksel-acik-hava-sinemasi,8. Geleneksel Açık Hava Sineması
https://kampusetkinlikleri.com/etkinlik/1362/liderlik-oyunlari-19,Liderlik Oyunları'19
https://kampusetkinlikleri.com/etkinlik/1351/gastronomi-ve-saglikli-yasam,Gastronomi ve Sağlıklı Yaşam 
https://kampusetkinlikleri.com/etkinlik/1348/kampuste-marketing-19,Kampüste Marketing'19
https://kampusetkinlikleri.com/etkinlik/1301/5.-robot-gunleri,5. Robot Günleri
https://kampusetkinlikleri.com/etkinlik/1350/liderlik-ve-bilisim-zirvesi,Liderlik ve Bilişim Zirvesi
https://kampusetkinlikleri.com/etkinlik/1357/trabzon---uzungol-gezisi,Trabzon - Uzungöl Gezisi
https://kampusetkinlikleri.com/etkinlik/1349/kadin-girisimciler-ve-kariyer-planlamasi,Kadın Girişimciler ve Kariyer Planlaması
https://kampusetkinlikleri.com/etkinlik/1363/hr-summit-19,HR Summit'19
https://kampusetkinlikleri.com/etkinlik/1380/pilav-partisi,PİLAV PARTİSİ
https://kampusetkinlikleri.com/etkinlik/1347/spor-e-spor-zirvesi,Spor & E-Spor Zirvesi
https://kampusetkinlikleri.com/etkinlik/1337/yasam-ve-kariyer-panayiri-2019,YAŞAM VE KARİYER PANAYIRI 2019
https://kampusetkinlikleri.com/etkinlik/1340/finans-zirvesi,FİNANS ZİRVESİ
https://kampusetkinlikleri.com/etkinlik/1346/g-force-days,G-Force Days
https://kampusetkinlikleri.com/etkinlik/1333/young-summit,Young Summit
https://kampusetkinlikleri.com/etkinlik/1338/canakkale-gezisi,Çanakkale Gezisi
https://kampusetkinlikleri.com/etkinlik/1339/dunya-dna-gunu-konferansi,Dünya DNA Günü Konferansı
https://kampusetkinlikleri.com/etkinlik/1344/sanayi-4.0---gelecegin-is-ortami-isgucu-ve-girisimcilik-kavrami,"Sanayi 4.0 - Geleceğin İş Ortamı, İşgücü ve Girişimcilik Kavramı"
https://kampusetkinlikleri.com/etkinlik/1341/kariyer-zirvesi-19,KARİYER ZİRVESİ'19
https://kampusetkinlikleri.com/etkinlik/1345/bursa-teknik-universitesi-kariyer-gunleri-19,BURSA TEKNİK ÜNİVERSİTESİ KARİYER GÜNLERİ'19
https://kampusetkinlikleri.com/etkinlik/1361/girisimcilik,Girişimcilik
https://kampusetkinlikleri.com/etkinlik/1330/imagine-the-future-summit,Imagine The Future Summit
https://kampusetkinlikleri.com/etkinlik/1335/biomechatronics-workshop-3,Biomechatronics Workshop 3
https://kampusetkinlikleri.com/etkinlik/1334/the-tech,The Tech
https://kampusetkinlikleri.com/etkinlik/1336/biosem,BioSem
https://kampusetkinlikleri.com/etkinlik/1383/mu-gek-kariyer-19,Mu'GEK Kariyer'19
https://kampusetkinlikleri.com/etkinlik/1331/weekeng-19,WeekEng'19
https://kampusetkinlikleri.com/etkinlik/1317/itu-robot-olimpiyatlari,İTÜ ROBOT OLİMPİYATLARI
https://kampusetkinlikleri.com/etkinlik/1342/beykoz-universitesi-psikoloji-kulubu-kariyer-gunu,Beykoz Üniversitesi Psikoloji Kulübü Kariyer Günü!
https://kampusetkinlikleri.com/etkinlik/1343/rain-man-film-gosterimi-analiz-etme,Rain Man Film Gösterimi & Analiz Etme
https://kampusetkinlikleri.com/etkinlik/1319/tea-talks-vol.05,Tea Talks vol.05
https://kampusetkinlikleri.com/etkinlik/1382/tuborg-fabrikasi-teknik-gezisi,Tuborg Fabrikası Teknik Gezisi
https://kampusetkinlikleri.com/etkinlik/1332/emk-yapay-zeka-zirvesi,EMK YAPAY ZEKA ZİRVESİ
https://kampusetkinlikleri.com/etkinlik/1318/e-ticaret-zirvesi-19,E-Ticaret Zirvesi'19
https://kampusetkinlikleri.com/etkinlik/1328/n-etkinlik,n-Etkinlik
https://kampusetkinlikleri.com/etkinlik/1360/canakkale-gezisi,Çanakkale Gezisi
https://kampusetkinlikleri.com/etkinlik/1329/hatirda-kalmaz-satirda-kalir,Hatırda Kalmaz Satırda Kalır!
https://kampusetkinlikleri.com/etkinlik/1359/digital-steps-19,Digital Steps'19
https://kampusetkinlikleri.com/etkinlik/1287/kayseri-zirve-psikoloji-semineri,Kayseri Zirve Psikoloji Semineri
https://kampusetkinlikleri.com/etkinlik/1316/talk-to-millions,Talk to Millions
https://kampusetkinlikleri.com/etkinlik/1320/g.e.n.3,G.E.N.3
https://kampusetkinlikleri.com/etkinlik/1322/tek-tanrili-dinlerde-kadinin-yeri,“Tek Tanrılı Dinlerde Kadının Yeri”
https://kampusetkinlikleri.com/etkinlik/1313/savunma-teknolojileri-gunleri-19,SAVUNMA TEKNOLOJİLERİ GÜNLERİ'19
https://kampusetkinlikleri.com/etkinlik/1321/denizbank-mulakat-simulasyonu,DenizBank Mülakat Simülasyonu
https://kampusetkinlikleri.com/etkinlik/1310/women-in-power,Women in Power
https://kampusetkinlikleri.com/etkinlik/1315/women-in-power,Women in Power
https://kampusetkinlikleri.com/etkinlik/1325/bir-iki-uc-tip,Bir iki üç Tıp !
https://kampusetkinlikleri.com/etkinlik/1299/21.-ulusal-kalite-gunleri,21. Ulusal Kalite Günleri
https://kampusetkinlikleri.com/etkinlik/1273/liderlik-kampi,Liderlik Kampı
https://kampusetkinlikleri.com/etkinlik/1274/liderlik-kampi,Liderlik Kampı
https://kampusetkinlikleri.com/etkinlik/1306/mutfak-zirvesi-2019,Mutfak Zirvesi 2019
https://kampusetkinlikleri.com/etkinlik/1307/mutfak-zirvesi-2019,Mutfak Zirvesi 2019
https://kampusetkinlikleri.com/etkinlik/1311/kgz-19-kariyer-ve-gelisim-zirvesi-2019,KGZ'19 Kariyer ve Gelişim Zirvesi 2019
https://kampusetkinlikleri.com/etkinlik/1314/14.-ulusal-profesyoneller-ve-basarili-yoneticilerle-sektorler-kongresi,14. ULUSAL PROFESYONELLER VE BAŞARILI YÖNETİCİLERLE SEKTÖRLER KONGRESİ
https://kampusetkinlikleri.com/etkinlik/1277/gaziantep-zirve-psikoloji-semineri,Gaziantep Zirve Psikoloji Semineri
https://kampusetkinlikleri.com/etkinlik/1358/evolation-for-you,Evolation For You
https://kampusetkinlikleri.com/etkinlik/1293/akinrobotics-teknik-gezisi,AKINROBOTICS Teknik Gezisi
https://kampusetkinlikleri.com/etkinlik/1324/tiyatro-okumalari,Tiyatro Okumaları
https://kampusetkinlikleri.com/etkinlik/1304/8-mart-dunya-emekci-kadinlar-gunu-sergisi,8 Mart Dünya Emekçi Kadınlar Günü Sergisi
https://kampusetkinlikleri.com/etkinlik/1309/sosyal-sorumluluk-zirvesi-19,SOSYAL SORUMLULUK ZİRVESİ'19
https://kampusetkinlikleri.com/etkinlik/1290/20.yonetim-bilimleri-kongresi,20.Yönetim Bilimleri Kongresi
https://kampusetkinlikleri.com/etkinlik/1465/uluslararasi-periyodik-tablo-yili,Uluslararası Periyodik Tablo Yılı
https://kampusetkinlikleri.com/etkinlik/1300/6.bilim-ve-teknoloji-gunleri,6.Bilim ve Teknoloji Günleri
https://kampusetkinlikleri.com/etkinlik/1302/6.bilim-ve-teknoloji-gunleri,6.Bilim ve Teknoloji Günleri
https://kampusetkinlikleri.com/etkinlik/1323/gundem-sohbet,Gündem Sohbet
https://kampusetkinlikleri.com/etkinlik/1280/malzeme-gunleri-19,Malzeme Günleri'19
https://kampusetkinlikleri.com/etkinlik/1298/global-opportunities-in-business-and-investment,Global Opportunities in Business and Investment
https://kampusetkinlikleri.com/etkinlik/1288/i.-ulusal-universite-ogrenci-topluluklari-calistayi,I. Ulusal Üniversite Öğrenci Toplulukları Çalıştayı
https://kampusetkinlikleri.com/etkinlik/1291/aselsan-teknik-gezisi,ASELSAN Teknik Gezisi
https://kampusetkinlikleri.com/etkinlik/1292/aselsan-teknik-gezisi,ASELSAN Teknik Gezisi
https://kampusetkinlikleri.com/etkinlik/1305/kariyer-akademisi-limak-holding,Kariyer Akademisi / Limak Holding
https://kampusetkinlikleri.com/etkinlik/1294/engineerstalk19,Engineerstalk19'
https://kampusetkinlikleri.com/etkinlik/1296/kariyer-gunu,KARİYER GÜNÜ
https://kampusetkinlikleri.com/etkinlik/1297/kariyer-gunu,KARİYER GÜNÜ
https://kampusetkinlikleri.com/etkinlik/1295/9.kisisel-gelisim-zirvesi,9.KİŞİSEL GELİŞİM ZİRVESİ
https://kampusetkinlikleri.com/etkinlik/1275/summit-of-future---gelecek-zirvesi-2019,Summit of Future - Gelecek Zirvesi 2019
https://kampusetkinlikleri.com/etkinlik/1276/ieee-itu-teknoloji-konferansi,IEEE İTÜ Teknoloji Konferansı
https://kampusetkinlikleri.com/etkinlik/1278/business-insights,Business Insights
https://kampusetkinlikleri.com/etkinlik/1281/16.mec-business-seminar,16.MEC Business Seminar
https://kampusetkinlikleri.com/etkinlik/1256/10.medya-odulleri,10.MEDYA ÖDÜLLERİ
https://kampusetkinlikleri.com/etkinlik/1289/appmath,AppMath 
https://kampusetkinlikleri.com/etkinlik/1254/dfs-19-different-futures-summit,DFS'19 (Different Futures Summit)
https://kampusetkinlikleri.com/etkinlik/1282/kimya-muhendisligi-zirvesi-19,Kimya Mühendisliği Zirvesi'19
https://kampusetkinlikleri.com/etkinlik/1283/kimya-muhendisligi-zirvesi-19,Kimya Mühendisliği Zirvesi 19 
https://kampusetkinlikleri.com/etkinlik/1286/kariyer-gunleri-19,Kariyer Günleri'19
https://kampusetkinlikleri.com/etkinlik/1279/itu-6.-malzeme-gunleri,İTÜ 6. Malzeme Günleri
https://kampusetkinlikleri.com/etkinlik/1255/14th-international-supply-chain-camp,14th International Supply Chain Camp
https://kampusetkinlikleri.com/etkinlik/1272/vizyon-acici-soylesiler,Vizyon Açıcı Söyleşiler
https://kampusetkinlikleri.com/etkinlik/1267/kariyer-akademisi-denizbank-yemeksepeti,Kariyer Akademisi (DenizBank & Yemeksepeti)
https://kampusetkinlikleri.com/etkinlik/1246/yanimda-kal-filmi-soylesisi,Yanımda Kal Filmi Söyleşisi
https://kampusetkinlikleri.com/etkinlik/1243/.i.f.i-statistics-in-international-financial-institutions-symposium,$.I.F.I (Statistics in International Financial Institutions) Symposium
https://kampusetkinlikleri.com/etkinlik/1271/kariyer-akademisi-ermetal,Kariyer Akademisi (Ermetal)
https://kampusetkinlikleri.com/etkinlik/1268/mulakat-simulasyonu,Mülakat Simülasyonu
https://kampusetkinlikleri.com/etkinlik/1270/cv-hazirlama-ve-mulakat-teknikleri,Cv Hazırlama ve Mülakat Teknikleri
https://kampusetkinlikleri.com/etkinlik/1235/best-istanbul-hackathonu,BEST İstanbul Hackathonu
https://kampusetkinlikleri.com/etkinlik/1225/14.-genc-akademi,14. Genç AKADEMİ
https://kampusetkinlikleri.com/etkinlik/1242/sifirin-altinda-marketing-18,Sıfırın Altında Marketing'18
https://kampusetkinlikleri.com/etkinlik/1244/organ-bagisinin-onemi-farkindalik-egitimi,ORGAN BAĞIŞININ ÖNEMİ FARKINDALIK EĞİTİMİ
https://kampusetkinlikleri.com/etkinlik/1248/zigana-gezisi,ZİGANA GEZİSİ
https://kampusetkinlikleri.com/etkinlik/1234/egenomi-zirvesi,Egenomi Zirvesi
https://kampusetkinlikleri.com/etkinlik/1240/sahibinden.com-ile-sirket-gezgini,sahibinden.com ile Şirket Gezgini
https://kampusetkinlikleri.com/etkinlik/1269/kariyer-akademisi-warmhaus,Kariyer Akademisi (Warmhaus)
https://kampusetkinlikleri.com/etkinlik/1231/proje-yonetimi,Proje Yönetimi
https://kampusetkinlikleri.com/etkinlik/1247/qnb-finansbank-career,QNB FİNANSBANK CAREER
https://kampusetkinlikleri.com/etkinlik/1326/radyo-ktu-kulup-tanitim,Radyo KTÜ Kulüp Tanıtım
https://kampusetkinlikleri.com/etkinlik/1232/12.-kale,12. KALE
https://kampusetkinlikleri.com/etkinlik/1233/figbrands-is-dunyasindaki-yerimiz,FİGBrands ‘iş dünyasındaki yerimiz’
https://kampusetkinlikleri.com/etkinlik/1327/kis-gezisi,Kış Gezisi
https://kampusetkinlikleri.com/etkinlik/1210/dijital-ekonomi-zirvesi-19,DİJİTAL EKONOMİ ZİRVESİ'19
https://kampusetkinlikleri.com/etkinlik/1239/reklam-nedir,Reklam nedir?
https://kampusetkinlikleri.com/etkinlik/1266/insan-kaynaklari-surecleri,İnsan Kaynakları Süreçleri
https://kampusetkinlikleri.com/etkinlik/1214/10.-ulusal-kariyerimin-kimyasi,10. Ulusal Kariyerimin Kimyası
https://kampusetkinlikleri.com/etkinlik/1224/farkindalik-zirvesi-18,Farkındalık Zirvesi'18
https://kampusetkinlikleri.com/etkinlik/1241/gezegenin-gelecegi-turetim-ekonomisi-ve-sosyal-girisimler,Gezegenin Geleceği: Türetim Ekonomisi ve Sosyal Girişimler
https://kampusetkinlikleri.com/etkinlik/1245/dunya-tarihi-konusmalari,DÜNYA TARİHİ KONUŞMALARI
https://kampusetkinlikleri.com/etkinlik/1253/aktif-yasam-genclik-zirvesi,Aktif Yaşam Gençlik Zirvesi
https://kampusetkinlikleri.com/etkinlik/1213/management-study-with-executives,Management Study with Executives
https://kampusetkinlikleri.com/etkinlik/1226/cydef-e2018-e-ticarette-siber-guvenlik-konferansi,CYDEF-E2018 E-Ticarette Siber Güvenlik Konferansı
https://kampusetkinlikleri.com/etkinlik/1230/bogazici-marka-zirvesi,Boğaziçi Marka Zirvesi
https://kampusetkinlikleri.com/etkinlik/1198/business-trip-18,Business Trip’18
https://kampusetkinlikleri.com/etkinlik/1220/bulut-bilisim-egitimi,Bulut Bilişim Eğitimi
https://kampusetkinlikleri.com/etkinlik/1219/dart-departmanlar-arasi-rotani-tasarla,DART (Departmanlar Arası Rotanı Tasarla)
https://kampusetkinlikleri.com/etkinlik/1227/liderlik-zirvesi,Liderlik Zirvesi
https://kampusetkinlikleri.com/etkinlik/1265/kariyer-yonetimi,Kariyer Yönetimi
https://kampusetkinlikleri.com/etkinlik/1216/8.gelisim-platformu,8.Gelişim Platformu
https://kampusetkinlikleri.com/etkinlik/1228/bir-hayal-bir-hayat-kur,Bir Hayal Bir Hayat Kur
https://kampusetkinlikleri.com/etkinlik/1229/fig-pusula,FİG Pusula
https://kampusetkinlikleri.com/etkinlik/1215/the-one,The One
https://kampusetkinlikleri.com/etkinlik/1223/ileri-teknoloji-malzemeler-semineri,İleri Teknoloji Malzemeler Semineri
https://kampusetkinlikleri.com/etkinlik/1379/basarisizlik-zirvesi,Başarısızlık Zirvesi
https://kampusetkinlikleri.com/etkinlik/1212/9.-finans-ve-yazilim-gunleri,9. Finans ve Yazılım Günleri
https://kampusetkinlikleri.com/etkinlik/1264/kariyer-akademisi-ing-bank,Kariyer Akademisi (ING Bank)
https://kampusetkinlikleri.com/etkinlik/1207/rota-gelecegine-yon-ver,ROTA: GELECEĞİNE YÖN VER! 
https://kampusetkinlikleri.com/etkinlik/1217/marka-pazarlama-zirvesi,Marka & Pazarlama Zirvesi
https://kampusetkinlikleri.com/etkinlik/1221/rota-gelecegine-yon-ver,ROTA:Geleceğine Yön Ver
https://kampusetkinlikleri.com/etkinlik/1263/kariyer-akademisi-teb,Kariyer Akademisi (TEB)
https://kampusetkinlikleri.com/etkinlik/1218/kisisel-gelisim-gunleri,Kişisel Gelişim Günleri
https://kampusetkinlikleri.com/etkinlik/1262/kariyer-akademisi-turkiye-is-bankasi,Kariyer Akademisi (Türkiye İş Bankası)
https://kampusetkinlikleri.com/etkinlik/1211/kaan-sekban-ile-soylesi,Kaan SEKBAN ile Söyleşi
https://kampusetkinlikleri.com/etkinlik/1237/turkcell-gecmisten-gunumuze,TURKCELL GEÇMİŞTEN GÜNÜMÜZE
https://kampusetkinlikleri.com/etkinlik/1192/12.-adhere-reklamcilik-gunleri,12. ADhere Reklamcılık Günleri
https://kampusetkinlikleri.com/etkinlik/1199/think-talk,Think & Talk
https://kampusetkinlikleri.com/etkinlik/1261/okul-dunyasindan-is-dunyasina-gecis,Okul Dünyasından İş Dünyasına Geçiş
https://kampusetkinlikleri.com/etkinlik/1238/alametifarika,AlametiFarika
https://kampusetkinlikleri.com/etkinlik/1193/bogazici-finance-challenge,Boğaziçi Finance Challenge
https://kampusetkinlikleri.com/etkinlik/1260/anitkabir-ziyareti,Anıtkabir Ziyareti
https://kampusetkinlikleri.com/etkinlik/1190/yerel-yonetimler-ve-liderlik-akademisi,Yerel Yönetimler ve Liderlik Akademisi
https://kampusetkinlikleri.com/etkinlik/1191/just-in-case,Just In Case
https://kampusetkinlikleri.com/etkinlik/1200/the-talkng-days,THE TALKNG DAYS
https://kampusetkinlikleri.com/etkinlik/1201/sen-anlat-ki-canlansin,Sen anlat ki canlansın
https://kampusetkinlikleri.com/etkinlik/1181/2.-ulusal-gelisim-kariyer-zirvesi,2. Ulusal&Gelişim Kariyer Zirvesi
https://kampusetkinlikleri.com/etkinlik/1259/kendini-tani-ve-hedef-belirle,Kendini Tanı ve Hedef Belirle
https://kampusetkinlikleri.com/etkinlik/1197/kisa-gunun-k-ri---vaka-calismalari,Kısa Günün Kârı - Vaka Çalışmaları
https://kampusetkinlikleri.com/etkinlik/1194/8.-insan-kaynaklari-zirvesi,8. İnsan Kaynakları Zirvesi
https://kampusetkinlikleri.com/etkinlik/1196/girisimci-akademi-18,Girişimci Akademi'18
https://kampusetkinlikleri.com/etkinlik/1258/career-goals,Career Goals
https://kampusetkinlikleri.com/etkinlik/1155/anitkabir-ve-ankara-gezisi,Anıtkabir ve Ankara Gezisi
https://kampusetkinlikleri.com/etkinlik/1202/29-ekim-i-izmir-de-kutluyoruz,29 EKİM'İ iZMİR'DE KUTLUYORUZ
https://kampusetkinlikleri.com/etkinlik/1178/izmir-gezisi,İZMİR GEZİSİ
https://kampusetkinlikleri.com/etkinlik/1222/iletisim-konferansi-1-canan-duman-la-her-sey-bir-mesajla-baslar-imza-gunu,İletişim Konferansı 1: Canan Duman'la Her şey Bir Mesajla Başlar & İmza günü
https://kampusetkinlikleri.com/etkinlik/1203/tavla-turnuvasi,TAVLA TURNUVASI
https://kampusetkinlikleri.com/etkinlik/1158/hit-open-party-w-yuksek-sadakat,HİT Open Party w/ Yüksek Sadakat
https://kampusetkinlikleri.com/etkinlik/1171/careercon-2,CareerCon 2
https://kampusetkinlikleri.com/etkinlik/1180/youtube-gunu-18,Youtube Günü 18
https://kampusetkinlikleri.com/etkinlik/1236/sahiplex,SAHİPLEX
https://kampusetkinlikleri.com/etkinlik/1169/ddk-akademi-18,DDK Akademi 18'
https://kampusetkinlikleri.com/etkinlik/1176/girisimcilik-ve-inovasyon-zirvesi,Girişimcilik ve İnovasyon Zirvesi
https://kampusetkinlikleri.com/etkinlik/1257/tanisma-toplantisi,Tanışma Toplantısı
https://kampusetkinlikleri.com/etkinlik/1170/e-founder-dijital-girisimcilik-zirvesi,e-Founder Dijital Girişimcilik Zirvesi
https://kampusetkinlikleri.com/etkinlik/1204/aktiyat-tiyatro-dersi,AKTİYAT TİYATRO DERSİ
https://kampusetkinlikleri.com/etkinlik/1206/aktiyat-tanisma-yemegi,AKTİYAT TANIŞMA YEMEĞİ
https://kampusetkinlikleri.com/etkinlik/1174/uluslararasi-duyarlilik-panayiri,Uluslararası Duyarlılık Panayırı
https://kampusetkinlikleri.com/etkinlik/1205/langirt-turnuvasi,LANGIRT TURNUVASI
https://kampusetkinlikleri.com/etkinlik/1147/26.-itu-sektor-gunleri-ilac-sektoru,26. İTÜ Sektör Günleri İlaç Sektörü
https://kampusetkinlikleri.com/etkinlik/1148/26.-itu-sektor-gunleri-ilac-sektoru,26. İTÜ Sektör Günleri İlaç Sektörü
https://kampusetkinlikleri.com/etkinlik/1154/tanisma-toplantilari-18,Tanışma Toplantıları '18
https://kampusetkinlikleri.com/etkinlik/1172/kariyer-gunleri-18,Kariyer Günleri '18
https://kampusetkinlikleri.com/etkinlik/1175/tanisma-toplantisi,Tanışma Toplantısı
https://kampusetkinlikleri.com/etkinlik/1157/hit-tanisma-toplantisi,HİT Tanışma Toplantısı
https://kampusetkinlikleri.com/etkinlik/1159/yurtdisi-egitim-programi,Yurtdışı Eğitim Programı
https://kampusetkinlikleri.com/etkinlik/1156/hittalks-yol-arkadasim-2-oguzhan-koc-ibrahim-buyukak,HitTalks ''Yol Arkadaşım 2 : Oğuzhan Koç&İbrahim Büyükak''
https://kampusetkinlikleri.com/etkinlik/1173/soz-dizi-ekibi-soylesisi,Söz Dizi Ekibi Söyleşisi
https://kampusetkinlikleri.com/etkinlik/1250/ktuye-merhaba-partisi,KTÜYE MERHABA PARTİSİ
https://kampusetkinlikleri.com/etkinlik/1152/ortak-degerler-hareketi---degerler-atolyesi,Ortak Değerler Hareketi - Değerler Atölyesi 
https://kampusetkinlikleri.com/etkinlik/1153/gunubirlik-darende-gurun-gezisi,Günübirlik Darende-Gürün Gezisi
https://kampusetkinlikleri.com/etkinlik/1249/lansman,LANSMAN
https://kampusetkinlikleri.com/etkinlik/1151/piknik-dediler-geldik,PİKNİK DEDİLER GELDİK
https://kampusetkinlikleri.com/etkinlik/1167/figbrands-ilk-adim,Figbrands İlk Adım
https://kampusetkinlikleri.com/etkinlik/1168/itu-denetim-ve-danismanlik-kulubu-tanisma-kahvesi,İTÜ Denetim ve Danışmanlık Kulübü Tanışma Kahvesi
https://kampusetkinlikleri.com/etkinlik/1146/ktu-isletme-ve-ekonomi-kulubu-oryantasyon-gezisi,KTÜ İşletme ve Ekonomi Kulübü Oryantasyon Gezisi
https://kampusetkinlikleri.com/etkinlik/1145/deepcon-18,DeepCon'18
https://kampusetkinlikleri.com/etkinlik/1149/bilkent-mec-acilis-partisi,Bilkent MEC Açılış Partisi
https://kampusetkinlikleri.com/etkinlik/1150/esoes-online,ESOES ONLINE!
https://kampusetkinlikleri.com/etkinlik/1138/mudadosk-tanisma-toplantisi,MUDADOSK TANIŞMA TOPLANTISI
https://kampusetkinlikleri.com/etkinlik/1139/eskisehir-i.-ulusal-havacilik-teknolojileri-calistayi,Eskişehir I. Ulusal Havacılık Teknolojileri Çalıştayı
https://kampusetkinlikleri.com/etkinlik/1137/kariyer-gunu-18,Kariyer Günü'18
https://kampusetkinlikleri.com/etkinlik/1127/tas-devrinden-gunumuze-yolculuk,Taş Devrinden Günümüze Yolculuk :
https://kampusetkinlikleri.com/etkinlik/1136/7.-geleneksel-acik-hava-sinemasi,7. GELENEKSEL AÇIK HAVA SİNEMASI
https://kampusetkinlikleri.com/etkinlik/1088/beton-kano,Beton Kano
https://kampusetkinlikleri.com/etkinlik/1133/case-speech-entrepreneurship-vertex,Case Speech & Entrepreneurship Vertex
https://kampusetkinlikleri.com/etkinlik/1122/petrol-ofisi-ile-sektorun-icinden,Petrol Ofisi İle Sektörün İçinden
https://kampusetkinlikleri.com/etkinlik/1132/beyazit-yonetim-zirvesi-18,BEYAZIT YÖNETİM ZİRVESİ'18
https://kampusetkinlikleri.com/etkinlik/1128/pazarlama-ve-marka-sohbetleri,Pazarlama ve Marka Sohbetleri
https://kampusetkinlikleri.com/etkinlik/1177/16.-troya-kariyer-gunleri,16. TROYA KARİYER GÜNLERİ
https://kampusetkinlikleri.com/etkinlik/1186/kgz-18-kariyer-gelisim-zirvesi,KGZ'18  Kariyer Gelişim Zirvesi 
https://kampusetkinlikleri.com/etkinlik/1126/e-donusum-sertifika-programi,E-Dönüşüm Sertifika Programı
https://kampusetkinlikleri.com/etkinlik/1123/iskenderun-teknik-universitesi-3.-teknoversite-gunleri,İskenderun Teknik Üniversitesi 3. Teknoversite Günleri
https://kampusetkinlikleri.com/etkinlik/1129/kariyer-gunu-2018---deu-istatistik-toplulugu,Kariyer Günü 2018 - DEU Istatistik Toplulugu
https://kampusetkinlikleri.com/etkinlik/1118/biomechatronics-workshop-2,BIOMECHATRONICS WORKSHOP 2
https://kampusetkinlikleri.com/etkinlik/1120/biomechatronics-workshop-2,BIOMECHATRONICS WORKSHOP 2
https://kampusetkinlikleri.com/etkinlik/1166/dunya-ebeler-gunune-ozel,Dünya Ebeler Gününe Özel
https://kampusetkinlikleri.com/etkinlik/998/kackar-summit-girisimcilik-ve-inovasyon,Kaçkar Summit Girişimcilik Ve İnovasyon
https://kampusetkinlikleri.com/etkinlik/1119/uluslararasi-saglik-hizmetlerinde-gonulluluk,Uluslararası Sağlık Hizmetlerinde Gönüllülük
https://kampusetkinlikleri.com/etkinlik/1121/en-erp,EN-ERP
https://kampusetkinlikleri.com/etkinlik/1165/kendini-anlatabilecek-kadar,Kendini Anlatabilecek Kadar
https://kampusetkinlikleri.com/etkinlik/1117/yonetim-ve-inovasyon-zirvesi-yiz-18-sharpyarinicinhayalet,Yönetim ve İnovasyon Zirvesi YİZ'18 #Yarıniçinhayalet
https://kampusetkinlikleri.com/etkinlik/1116/kariyer-kampuste-18,Kariyer Kampüste'18
https://kampusetkinlikleri.com/etkinlik/1112/iwd-18-antalya,IWD’18 ANTALYA
https://kampusetkinlikleri.com/etkinlik/1115/gelin-tesisat-projesi-yapalim,Gelin Tesisat Projesi Yapalım
https://kampusetkinlikleri.com/etkinlik/1113/kariyer-gunleri-18,Kariyer Günleri’18
https://kampusetkinlikleri.com/etkinlik/1114/marketing-vision-18,Marketing Vision'18
https://kampusetkinlikleri.com/etkinlik/1111/5.-makine-muhendisligi-gunleri,5. Makine Mühendisliği Günleri
https://kampusetkinlikleri.com/etkinlik/1106/next-generation-of-information-technologies-2,Next Generation of Information Technologies 2
https://kampusetkinlikleri.com/etkinlik/1109/erim-hisim-la-tersten-bakmak,Erim Hısım’ la Tersten Bakmak
https://kampusetkinlikleri.com/etkinlik/1110/6.-kariyer-gunleri,6. Kariyer Günleri
https://kampusetkinlikleri.com/etkinlik/1104/bio-mate,BIO-MATE
https://kampusetkinlikleri.com/etkinlik/1091/gemi-18-gelecegin-endustri-muhendisleri-izmir-de,GEMİ'18 (Geleceğin Endüstri Mühendisleri İzmir'de)
https://kampusetkinlikleri.com/etkinlik/1107/sau-bilgisayar-toplulugu-zirvesi-18,SAÜ Bilgisayar Topluluğu Zirvesi'18
https://kampusetkinlikleri.com/etkinlik/1105/benim-sektorum-makinelerin-senfonisi,Benim Sektörüm: Makinelerin Senfonisi
https://kampusetkinlikleri.com/etkinlik/1100/bireysel-gelisim-gunleri,Bireysel Gelişim Günleri
https://kampusetkinlikleri.com/etkinlik/1103/digital-leaders-summit,Digital Leaders Summit
https://kampusetkinlikleri.com/etkinlik/1101/marka-zirvesi-18,Marka Zirvesi'18
https://kampusetkinlikleri.com/etkinlik/1096/innovie-inovasyon-ve-girisimcilik-zirvesi,INNOVIE İnovasyon ve Girişimcilik Zirvesi
https://kampusetkinlikleri.com/etkinlik/1102/tuba-kaplan-soylesi-ve-imza-gunu,Tuba Kaplan Söyleşi ve İmza Günü
https://kampusetkinlikleri.com/etkinlik/999/cem-ogretir-ile-3-profesyonel-sertifikali-egitim,Cem Öğretir ile 3 profesyonel Sertifikalı Eğitim
https://kampusetkinlikleri.com/etkinlik/1097/techday-18,TechDay'18
https://kampusetkinlikleri.com/etkinlik/990/e-founder-bogazici-universitesi-dijital-girisimcilik-zirvesi,E-Founder Boğaziçi Üniversitesi Dijital Girişimcilik Zirvesi
https://kampusetkinlikleri.com/etkinlik/1092/ceotalks-the-othet-business-talks,CEOtalks | the othet business talks
https://kampusetkinlikleri.com/etkinlik/1098/is-hayatinda-muhendislik-gercekleri,İş hayatında mühendislik gerçekleri
https://kampusetkinlikleri.com/etkinlik/1164/beden-dili-ve-kisisel-marka-semineri,Beden Dili Ve Kişisel Marka Semineri
https://kampusetkinlikleri.com/etkinlik/1094/mec-career-trip-amsterdam,MEC Career Trip Amsterdam
https://kampusetkinlikleri.com/etkinlik/1054/businesspoint-18,BusinessPoint'18
https://kampusetkinlikleri.com/etkinlik/1067/medcon18,MedCon18
https://kampusetkinlikleri.com/etkinlik/1079/ieee-itu-teknoloji-konferansi,IEEE İTÜ Teknoloji Konferansı
https://kampusetkinlikleri.com/etkinlik/1086/dogu-turkistan-ve-hak-ihlalleri,Doğu Türkistan ve Hak İhlalleri
https://kampusetkinlikleri.com/etkinlik/1095/ileri-excell-egitimi,İleri Excell Eğitimi
https://kampusetkinlikleri.com/etkinlik/1069/mep-muhendislik-egitim-programi,MEP (Mühendislik Eğitim Programı)
https://kampusetkinlikleri.com/etkinlik/1073/idea-18,IDEA'18
https://kampusetkinlikleri.com/etkinlik/1085/20.-ulusal-kalite-gunleri,20. Ulusal Kalite Günleri
https://kampusetkinlikleri.com/etkinlik/1065/r-union-18,Réunion'18
https://kampusetkinlikleri.com/etkinlik/1075/createchplus-2018---bosch-ana-sponsorlugu-nda,CreaTECH+ 2018 - BOSCH Ana Sponsorluğu'nda
https://kampusetkinlikleri.com/etkinlik/1080/is-dunyasina-genc-bakis-18,İş Dünyasına Genç Bakış'18
https://kampusetkinlikleri.com/etkinlik/1081/is-dunyasina-genc-bakis-18,İş Dünyasına Genç Bakış'18
https://kampusetkinlikleri.com/etkinlik/1089/13.-kariyer-gunler,13. KARİYER GÜNLER
https://kampusetkinlikleri.com/etkinlik/1060/malzeme-gunleri,Malzeme Günleri
https://kampusetkinlikleri.com/etkinlik/1077/reklam-ve-pazarlama-zirvesi-18,Reklam ve Pazarlama Zirvesi'18
https://kampusetkinlikleri.com/etkinlik/1163/dunya-sosyal-hizmet-gunune-ozel,Dünya Sosyal Hizmet Gününe Özel
https://kampusetkinlikleri.com/etkinlik/1084/haftasonu-atolyesi-11-mart,Haftasonu Atölyesi 11 Mart
https://kampusetkinlikleri.com/etkinlik/1071/finans-istatistik-ekonomi,FİNANS İSTATİSTİK EKONOMİ 
https://kampusetkinlikleri.com/etkinlik/1052/women-power,Women Power
https://kampusetkinlikleri.com/etkinlik/1076/aget-glow-parti,AGET GLOW PARTİ
https://kampusetkinlikleri.com/etkinlik/1039/14.bilgisayar-muhendisleri-ogrencileri-kongresi,14.Bilgisayar Mühendisleri Öğrencileri Kongresi
https://kampusetkinlikleri.com/etkinlik/991/malzeme-senligi-2018,Malzeme Şenliği 2018
https://kampusetkinlikleri.com/etkinlik/1037/19.-yonetim-bilimleri-kongresi,19. Yönetim Bilimleri Kongresi
https://kampusetkinlikleri.com/etkinlik/1051/kadin-ve-yasam,Kadın ve Yaşam
https://kampusetkinlikleri.com/etkinlik/1082/blockchain-ve-girisimcilik,Blockchain ve Girişimcilik
https://kampusetkinlikleri.com/etkinlik/1162/pandomim-ve-tiyatro-gosterisi,Pandomim ve Tiyatro Gösterisi
https://kampusetkinlikleri.com/etkinlik/1058/ii.-savunma-sanayii-zirvesi,II. Savunma Sanayii Zirvesi
https://kampusetkinlikleri.com/etkinlik/1057/deu-bilgisayar-bilimleri-toplulugu-kariyer-gunu,"DEÜ Bilgisayar Bilimleri Topluluğu, Kariyer Günü"
https://kampusetkinlikleri.com/etkinlik/1072/gocebe-18,Göçebe'18
https://kampusetkinlikleri.com/etkinlik/1078/sektor-zirvesi-18,Sektör Zirvesi'18 
https://kampusetkinlikleri.com/etkinlik/1285/kimya-muhendisligi-zirvesi-18,Kimya Mühendisliği Zirvesi 18
https://kampusetkinlikleri.com/etkinlik/1061/mectalks-expo,MECTALKS EXPO
https://kampusetkinlikleri.com/etkinlik/1048/ceotalks-the-other-business-talks,CEOtalks | the other business talks
https://kampusetkinlikleri.com/etkinlik/1070/ask-women,ASK WOMEN 
https://kampusetkinlikleri.com/etkinlik/1068/king-summit,KING Summit
https://kampusetkinlikleri.com/etkinlik/1090/cebimdeki-son-para,Cebimdeki Son Para
https://kampusetkinlikleri.com/etkinlik/1032/global-opportunities-in-business-investment-gobi,Global Opportunities in Business & Investment(GOBI)
https://kampusetkinlikleri.com/etkinlik/1083/haftasonu-atolyesi-4-mart,Haftasonu Atölyesi 4 Mart
https://kampusetkinlikleri.com/etkinlik/997/12.muyak,12.MÜYAK
https://kampusetkinlikleri.com/etkinlik/1020/summit-of-future-gelecek-zirvesi,Summit of Future-Gelecek Zirvesi
https://kampusetkinlikleri.com/etkinlik/1033/mentorist,Mentorist
https://kampusetkinlikleri.com/etkinlik/1044/doga-ana-kampi-18,Doğa Ana Kampı'18
https://kampusetkinlikleri.com/etkinlik/1053/women-in-power,Women In Power
https://kampusetkinlikleri.com/etkinlik/1056/imis-18-risk-intelligence,IMIS'18 RISK INTELLIGENCE
https://kampusetkinlikleri.com/etkinlik/1022/mec-business-seminar,MEC Business Seminar
https://kampusetkinlikleri.com/etkinlik/1041/women-in-business,Women in Business
https://kampusetkinlikleri.com/etkinlik/1045/ticaretin-gelecegi-ve-bitcoin,Ticaretin Geleceği ve Bitcoin
https://kampusetkinlikleri.com/etkinlik/1050/up-to-date-teknoloji-zirvesi,Up To Date Teknoloji Zirvesi
https://kampusetkinlikleri.com/etkinlik/1059/sales-network-platformu-satis-kariyer-gunleri,Sales Network Platformu Satış Kariyer Günleri
https://kampusetkinlikleri.com/etkinlik/1161/tanisma-toplantisi,Tanışma Toplantısı
https://kampusetkinlikleri.com/etkinlik/1049/unicera-seramik-mutfak-banyo-fuari,Unicera Seramik Mutfak Banyo Fuarı
https://kampusetkinlikleri.com/etkinlik/1064/3.-kariyer-akademisi-korteks,3. Kariyer Akademisi Korteks
https://kampusetkinlikleri.com/etkinlik/1034/kampus-gelisim-gunleri-18,Kampüs Gelişim Günleri'18
https://kampusetkinlikleri.com/etkinlik/1135/siyaset-ve-liderlik-akademisi,SİYASET VE LİDERLİK AKADEMİSİ
https://kampusetkinlikleri.com/etkinlik/1035/pusula,Pusula
https://kampusetkinlikleri.com/etkinlik/993/beyin-18,Beyin'18
https://kampusetkinlikleri.com/etkinlik/995/civilcon,CivilCon
https://kampusetkinlikleri.com/etkinlik/1043/chemin-18,ChemIn'18
https://kampusetkinlikleri.com/etkinlik/1063/3.-kariyer-akademisi-sutas,3. Kariyer Akademisi Sütaş
https://kampusetkinlikleri.com/etkinlik/1036/ktu-9.-medyatik-odul-gecesi,KTÜ 9. MEDYATİK ÖDÜL GECESİ
https://kampusetkinlikleri.com/etkinlik/1062/3.-kariyer-akademisi,3. Kariyer Akademisi
https://kampusetkinlikleri.com/etkinlik/1014/kariyer-zirvesi-18,Kariyer Zirvesi 18
https://kampusetkinlikleri.com/etkinlik/1016/kariyer-zirvesi-18,Kariyer Zirvesi 18
https://kampusetkinlikleri.com/etkinlik/1015/kariyer-zirvesi-18,Kariyer Zirvesi 18
https://kampusetkinlikleri.com/etkinlik/1017/kariyer-zirvesi-18,Kariyer Zirvesi 18
https://kampusetkinlikleri.com/etkinlik/1018/kariyer-zirvesi-18,Kariyer Zirvesi 18
https://kampusetkinlikleri.com/etkinlik/1019/kariyer-zirvesi-18,Kariyer Zirvesi 18
https://kampusetkinlikleri.com/etkinlik/1012/date-zirvesi,DATE Zirvesi
https://kampusetkinlikleri.com/etkinlik/1038/kariyer-sampiyonlari-2,Kariyer Şampiyonları 2
https://kampusetkinlikleri.com/etkinlik/1023/hr-summit-18,HR SUMMIT'18
https://kampusetkinlikleri.com/etkinlik/1000/liderlik-ve-kariyer-zirvesi,Liderlik ve Kariyer Zirvesi
https://kampusetkinlikleri.com/etkinlik/1013/webtekno-youtube---technology---gaming,WEBTEKNO (Youtube - Technology - Gaming)
https://kampusetkinlikleri.com/etkinlik/1001/ieee-detech-ieee-dokuz-eylul-universitesi-teknoloji-konferansi,IEEE DETECH (IEEE Dokuz Eylül Üniversitesi Teknoloji Konferansı) 
https://kampusetkinlikleri.com/etkinlik/980/13th-international-supply-chain-camp,13th International Supply Chain Camp
https://kampusetkinlikleri.com/etkinlik/987/25.-itu-emos-dinamik-hikaye,25. İTÜ EMÖS 
https://kampusetkinlikleri.com/etkinlik/992/ieee-odtu-hackathon,IEEE ODTÜ HACKATHON
https://kampusetkinlikleri.com/etkinlik/994/yeni-girisim-yarismasi,YENİ GİRİŞİM YARIŞMASI
https://kampusetkinlikleri.com/etkinlik/874/bruksel-gezisi,BRÜKSEL GEZİSİ
https://kampusetkinlikleri.com/etkinlik/988/yilbasi-partisi,Yilbasi partisi
https://kampusetkinlikleri.com/etkinlik/989/colorful-day,Colorful Day
https://kampusetkinlikleri.com/etkinlik/979/girisimcilik,Girişimcilik
https://kampusetkinlikleri.com/etkinlik/982/mectalks-c-level,MECTALKS C-LEVEL
https://kampusetkinlikleri.com/etkinlik/966/geleneksel-turk-muzigi-ve-enstrumanlari-tanitim-gunu,GELENEKSEL TÜRK MÜZİĞİ VE ENSTRÜMANLARI TANITIM GÜNÜ
https://kampusetkinlikleri.com/etkinlik/984/marketing-nights,Marketing Nights
https://kampusetkinlikleri.com/etkinlik/978/sektor-girisimleri-zirvesi,Sektör Girişimleri Zirvesi
https://kampusetkinlikleri.com/etkinlik/983/coaching-for-the-future,Coaching For The Future
https://kampusetkinlikleri.com/etkinlik/977/career-force-17,Career Force'17
https://kampusetkinlikleri.com/etkinlik/981/hittalks,HitTalks
https://kampusetkinlikleri.com/etkinlik/910/4.-biyokimya-konferansi,4. Biyokimya Konferansı
https://kampusetkinlikleri.com/etkinlik/967/ben-nasil-buyuk-adam-olucam,Ben Nasıl Büyük Adam Olucam?
https://kampusetkinlikleri.com/etkinlik/964/7.-interaktif-insan-kaynaklari-semineri,7. İnteraktif İnsan Kaynakları Semineri
https://kampusetkinlikleri.com/etkinlik/853/ice-break,Ice Break
https://kampusetkinlikleri.com/etkinlik/965/4g-girisimcilik-kongresi,4G Girişimcilik Kongresi
https://kampusetkinlikleri.com/etkinlik/947/management-study-with-executives,Management Study with Executives
https://kampusetkinlikleri.com/etkinlik/923/farkindalik-zirvesi,Farkındalık Zirvesi 
https://kampusetkinlikleri.com/etkinlik/940/isletme-ve-ekonomi-zirvesi,İşletme ve Ekonomi Zirvesi
https://kampusetkinlikleri.com/etkinlik/951/makine-muhendislgi-gunleri-enerji,Makine Mühendislği Günleri-Enerji
https://kampusetkinlikleri.com/etkinlik/956/international-day-17,International Day'17
https://kampusetkinlikleri.com/etkinlik/954/kuresel-para-savaslari-ve-turkiyeye-etkileri,KÜRESEL PARA SAVAŞLARI VE TÜRKİYEYE ETKİLERI
https://kampusetkinlikleri.com/etkinlik/960/kariyerime-giden-yol-staj,Kariyerime Giden Yol:Staj
https://kampusetkinlikleri.com/etkinlik/961/ansiad-da-15-yildir-tecrube-konusuyor,Ansiad'da 15 Yıldır Tecrübe Konuşuyor 
https://kampusetkinlikleri.com/etkinlik/958/genc-zirve-17,Genç Zirve’17
https://kampusetkinlikleri.com/etkinlik/959/gelecegi-yonetenler,GELECEĞİ YÖNETENLER
https://kampusetkinlikleri.com/etkinlik/962/12.kariyer-gunleri,12.KARİYER GÜNLERİ
https://kampusetkinlikleri.com/etkinlik/1185/iyi-ki-varsin,İyi ki Varsın
https://kampusetkinlikleri.com/etkinlik/914/medya-festivali-17,Medya Festivali'17
https://kampusetkinlikleri.com/etkinlik/955/kampuste-ceo-var-mehmet-dincerler,Kampüste CEO var (Mehmet Dinçerler)
https://kampusetkinlikleri.com/etkinlik/1027/dunya-nereye-gidiyor-vizyon-egitimi,Dünya Nereye Gidiyor? Vizyon Eğitimi
https://kampusetkinlikleri.com/etkinlik/930/long--term-learning,Long- Term Learning
https://kampusetkinlikleri.com/etkinlik/936/kisisel-gelisim-zirvesi-17,Kişisel Gelişim Zirvesi '17
https://kampusetkinlikleri.com/etkinlik/946/kadinin-insan-haklari,Kadının İnsan Hakları
https://kampusetkinlikleri.com/etkinlik/1026/insan-kaynaklarinda-surec-yonetimi-egitimi,İnsan Kaynaklarında Süreç Yönetimi Eğitimi
https://kampusetkinlikleri.com/etkinlik/856/okul,OKUL
https://kampusetkinlikleri.com/etkinlik/876/girisimcilik-ve-inovasyon-zirvesi-17,Girişimcilik ve İnovasyon Zirvesi'17
https://kampusetkinlikleri.com/etkinlik/908/9.-ulusal-kariyerimin-kimyasi,9. Ulusal Kariyerimin Kimyası
https://kampusetkinlikleri.com/etkinlik/917/industrial-evolution-endustri-4.0,INDUSTRIAL EVOLUTİON 
https://kampusetkinlikleri.com/etkinlik/931/top-of-marketing,Top of Marketing
https://kampusetkinlikleri.com/etkinlik/943/guncel-yaklasimlarla-insancil-hukuk,Güncel Yaklaşımlarla İnsancıl Hukuk
https://kampusetkinlikleri.com/etkinlik/948/pembe-baret,PEMBE BARET
https://kampusetkinlikleri.com/etkinlik/950/we-are-young-we-are-strong,"We Are Young, We Are Strong"
https://kampusetkinlikleri.com/etkinlik/941/surdurulebilir-ve-yenilenebilir-enerji-paneli-sust-ino,Sürdürülebilir ve Yenilenebilir Enerji Paneli SUST'INO
https://kampusetkinlikleri.com/etkinlik/942/cacaron-17,ÇAÇARON '17
https://kampusetkinlikleri.com/etkinlik/935/hittalks,HitTalks
https://kampusetkinlikleri.com/etkinlik/944/bir-insan-hakki-otanazi,Bir İnsan Hakkı: Ötanazi?
https://kampusetkinlikleri.com/etkinlik/945/neden-maliye-9,Neden Maliye-9
https://kampusetkinlikleri.com/etkinlik/929/girisimcilik-atolyesi,Girişimcilik Atölyesi
https://kampusetkinlikleri.com/etkinlik/890/sektore-buyutec-kariyer-kampi,Sektöre Büyüteç Kariyer Kampı
https://kampusetkinlikleri.com/etkinlik/913/10.bilisim-teknolojileri-zirvesi,10.Bilişim Teknolojileri Zirvesi
https://kampusetkinlikleri.com/etkinlik/915/kisisel-donusum,Kişisel Dönüşüm
https://kampusetkinlikleri.com/etkinlik/932/denetim-akademi-17,Denetim Akademi'17
https://kampusetkinlikleri.com/etkinlik/939/gezi-yoruz,GEZİ YORUZ
https://kampusetkinlikleri.com/etkinlik/1007/muhendislik-ve-tasarim-paneli,Mühendislik Ve Tasarım Paneli
https://kampusetkinlikleri.com/etkinlik/1021/gelecegin-lideri-olmak-ve-profesyonel-imaj-yonetimi-semineri,Geleceğin Lideri Olmak ve Profesyonel İmaj Yönetimi Semineri
https://kampusetkinlikleri.com/etkinlik/897/businesstrip,BusinessTrip
https://kampusetkinlikleri.com/etkinlik/922/be-inspired,Be Inspired
https://kampusetkinlikleri.com/etkinlik/928/hayal-et-hedefle-harekete-gec-sharp3h,"Hayal Et, Hedefle, Harekete Geç #3H"
https://kampusetkinlikleri.com/etkinlik/934/aramizda-engel-yok,Aramızda Engel Yok
https://kampusetkinlikleri.com/etkinlik/937/savas-ve-afet-ortaminda-hekimlik,Savaş ve Afet Ortamında Hekimlik
https://kampusetkinlikleri.com/etkinlik/938/mevlid-i-nevi-konferans-ve-konser,Mevlid-i Nevi Konferans ve Konser
https://kampusetkinlikleri.com/etkinlik/1030/surdurulebilir-calisan-bagliligi-egitimi-ve-teknik-gezi,Sürdürülebilir Çalışan Bağlılığı Eğitimi ve Teknik Gezi
https://kampusetkinlikleri.com/etkinlik/1160/davranis-bilimlerinde-yeni-yaklasimlar,DAVRANIŞ BİLİMLERİNDE YENİ YAKLAŞIMLAR
https://kampusetkinlikleri.com/etkinlik/880/ford-a-gidiyoruz,Ford'a Gidiyoruz
https://kampusetkinlikleri.com/etkinlik/907/8.-finans-ve-yazilim-gunleri,8. Finans ve Yazılım Günleri
https://kampusetkinlikleri.com/etkinlik/933/kpss-semineri,Kpss Semineri
https://kampusetkinlikleri.com/etkinlik/918/parami-yonetebiliyorum,Paramı Yönetebiliyorum
https://kampusetkinlikleri.com/etkinlik/919/inovasyon-ve-teknoloji-gunu,İnovasyon ve Teknoloji Günü
https://kampusetkinlikleri.com/etkinlik/1029/dijital-insan-kaynaklari-yonetimi-egitimi,Dijital İnsan Kaynakları Yönetimi Eğitimi
https://kampusetkinlikleri.com/etkinlik/912/bioform-v,BioForm V
https://kampusetkinlikleri.com/etkinlik/921/metalurji-ve-malzeme-muhendisligi-gunleri,Metalurji ve Malzeme Mühendisliği Günleri
https://kampusetkinlikleri.com/etkinlik/924/ekonomi-zirvesi-insan-kaynaklari-zirvesi,Ekonomi Zirvesi & İnsan Kaynakları Zirvesi
https://kampusetkinlikleri.com/etkinlik/920/kendini-kesfet,Kendini Keşfet
https://kampusetkinlikleri.com/etkinlik/888/finance-break,Finance Break
https://kampusetkinlikleri.com/etkinlik/1031/cv-hazirlama-ve-grup-mulakati-egitimi,CV Hazırlama Ve Grup Mülakatı Eğitimi
https://kampusetkinlikleri.com/etkinlik/850/finans-kongresi,Finans Kongresi
https://kampusetkinlikleri.com/etkinlik/885/ne-is-olsa-yapar-miyim,Ne İş Olsa Yapar Mıyım
https://kampusetkinlikleri.com/etkinlik/1008/kurumsal-iliskiler-egitimi,Kurumsal İlişkiler Eğitimi
https://kampusetkinlikleri.com/etkinlik/1009/arama-workshop,Arama Workshop
https://kampusetkinlikleri.com/etkinlik/1010/film-gecesi,Film Gecesi
https://kampusetkinlikleri.com/etkinlik/855/all-rounder,All-Rounder
https://kampusetkinlikleri.com/etkinlik/887/izmir-hugo-boss-teknik-gezi,Izmir Hugo Boss Teknik Gezi
https://kampusetkinlikleri.com/etkinlik/1028/2.-kariyer-akademisi,2. Kariyer Akademisi
https://kampusetkinlikleri.com/etkinlik/845/startup,Startup
https://kampusetkinlikleri.com/etkinlik/886/usak-tekstil-fabrikalari-gezisi,Uşak Tekstil Fabrikaları Gezisi
https://kampusetkinlikleri.com/etkinlik/873/ceotalks,CEOtalks
https://kampusetkinlikleri.com/etkinlik/911/girisimcilik-paneli,GİRİŞİMCİLİK PANELİ
https://kampusetkinlikleri.com/etkinlik/916/endustri-4.0,ENDÜSTRİ 4.0
https://kampusetkinlikleri.com/etkinlik/881/p-g-kariyer-gunu,P&G Kariyer Günü 
https://kampusetkinlikleri.com/etkinlik/909/insan-kaynaklari-zirvesi,İNSAN KAYNAKLARI ZİRVESİ 
https://kampusetkinlikleri.com/etkinlik/986/insan-kaynaklari-zirvesi,İnsan Kaynakları Zirvesi
https://kampusetkinlikleri.com/etkinlik/1005/mimarlik-fakultesi-paneli,Mimarlık Fakültesi Paneli
https://kampusetkinlikleri.com/etkinlik/895/7.-gelisim-platformu,7. Gelişim Platformu
https://kampusetkinlikleri.com/etkinlik/877/cv-ni-guncelle,CV'ni Güncelle
https://kampusetkinlikleri.com/etkinlik/898/kadin-liderler-ile-girisimcilik,Kadın Liderler İle Girişimcilik
https://kampusetkinlikleri.com/etkinlik/900/businesstalks,BusinessTalks
https://kampusetkinlikleri.com/etkinlik/904/7.-gelisim-platformu,7. Gelişim Platformu
https://kampusetkinlikleri.com/etkinlik/872/iii.f5-days,III.F5 Days
https://kampusetkinlikleri.com/etkinlik/879/tanisma-toplantisi,Tanışma Toplantısı 
https://kampusetkinlikleri.com/etkinlik/896/adhere-reklamcilik-gunleri,ADhere Reklamcılık Günleri
https://kampusetkinlikleri.com/etkinlik/889/startup-eskisehir-17,STARTUP ESKİŞEHİR'17
https://kampusetkinlikleri.com/etkinlik/894/next-generation-of-information-technologies,Next Generation of Information Technologies
https://kampusetkinlikleri.com/etkinlik/871/university4society-deu,University4Society DEU
https://kampusetkinlikleri.com/etkinlik/842/pazarlama-egitimi-basamak-1,Pazarlama Eğitimi Basamak'1
https://kampusetkinlikleri.com/etkinlik/883/birileri-grubu-ile-soylesi,'Birileri' Grubu ile Söyleşi
https://kampusetkinlikleri.com/etkinlik/875/girisimci-akademi-17,Girişimci Akademi'17
https://kampusetkinlikleri.com/etkinlik/893/mecinbusiness-kariyer.net,MecinBusiness Kariyer.net
https://kampusetkinlikleri.com/etkinlik/884/tekstil-ve-teknolojiyi-birlestiren-iki-kiz-kardesin-hikayesi,Tekstil ve Teknolojiyi Birleştiren İki Kız Kardeşin Hikayesi
https://kampusetkinlikleri.com/etkinlik/847/pazarlama-ve-finans-zirvesi,Pazarlama ve Finans Zirvesi 
https://kampusetkinlikleri.com/etkinlik/953/sektor-gunleri,SEKTÖR GÜNLERİ
https://kampusetkinlikleri.com/etkinlik/833/humanspire-insan-kaynaklari-zirvesi,Humanspire İnsan Kaynakları Zirvesi
https://kampusetkinlikleri.com/etkinlik/848/yep17-yurtdisi-egitim-programi,YEP17 Yurtdışı Eğitim Programı
https://kampusetkinlikleri.com/etkinlik/878/yep-2017-yurtdisi-egitim-programi,YEP'2017 Yurtdışı Eğitim Programı
https://kampusetkinlikleri.com/etkinlik/1006/mekanin-insan-uzerine-etkisi,Mekanın İnsan Üzerine Etkisi
https://kampusetkinlikleri.com/etkinlik/858/dijital-reform,DİJİTAL REFORM
https://kampusetkinlikleri.com/etkinlik/854/how-to-start-girisimcilik-zirvesi,How to Start Girişimcilik Zirvesi
https://kampusetkinlikleri.com/etkinlik/841/case-camp-17,Case Camp'17
https://kampusetkinlikleri.com/etkinlik/843/enes-olgun-networking-egitimi,ENES OLGUN NETWORKING EĞİTİMİ
https://kampusetkinlikleri.com/etkinlik/852/just-in-case,Just IN Case
https://kampusetkinlikleri.com/etkinlik/851/yurtdisi-egitim-gunleri,Yurtdışı Eğitim Günleri
https://kampusetkinlikleri.com/etkinlik/1188/energe-soylesi-gunleri,Energe Söyleşi Günleri
https://kampusetkinlikleri.com/etkinlik/839/ddk-akademi-17,DDK Akademi'17
https://kampusetkinlikleri.com/etkinlik/849/departmanini-sec,Departmanını Seç
https://kampusetkinlikleri.com/etkinlik/840/imaj-yonetimi-ve-universitedeyken-kariyer-yapmak-101,İmaj Yönetimi ve Üniversitedeyken Kariyer Yapmak 101
https://kampusetkinlikleri.com/etkinlik/835/oguzhan-koc-ve-ibrahim-buyukak-ile-soylesi,Oğuzhan Koç ve İbrahim Büyükak ile Söyleşi
https://kampusetkinlikleri.com/etkinlik/820/insan-kaynaklari-zirvesi,İnsan Kaynakları Zirvesi
https://kampusetkinlikleri.com/etkinlik/902/teknoloji-sohbetleri--1,Teknoloji Sohbetleri -1
https://kampusetkinlikleri.com/etkinlik/826/istihdam-kariyer-gelecek-vi,İstihdam-Kariyer-Gelecek VI
https://kampusetkinlikleri.com/etkinlik/836/otopark.com-soylesisi,OTOPARK.COM SÖYLEŞİSİ
https://kampusetkinlikleri.com/etkinlik/838/kariyer-zirvesi,Kariyer Zirvesi
https://kampusetkinlikleri.com/etkinlik/831/kayseri-kisisel-gelisim-zirvesi,Kayseri Kişisel Gelişim Zirvesi
https://kampusetkinlikleri.com/etkinlik/985/insan-kaynaklarinda-performans-ve-potansiyel-yonetimi,İnsan kaynaklarında Performans ve Potansiyel Yönetimi
https://kampusetkinlikleri.com/etkinlik/832/5-sektor-1-kariyer,5 Sektör 1 Kariyer
https://kampusetkinlikleri.com/etkinlik/1004/adnan-kazmaoglu-ile-mimarliga-bakis,Adnan KAZMAOĞLU ile Mimarlığa Bakış
https://kampusetkinlikleri.com/etkinlik/1024/insan-kaynaklarinda-personel-secme-sureci-yonetimi,İnsan kaynaklarında Personel Seçme Süreci Yönetimi
https://kampusetkinlikleri.com/etkinlik/974/turkiye-de-insan-kaynaklari-potansiyeli,Türkiye'de İnsan Kaynakları Potansiyeli
https://kampusetkinlikleri.com/etkinlik/972/insan-kaynaklarinda-egitim-planlamasi-yonetimi,İnsan Kaynaklarında Eğitim Planlaması Yönetimi
https://kampusetkinlikleri.com/etkinlik/821/kariyere-ilk-adim-ve-takim-liderligi-semineri,Kariyere İlk Adım ve Takım Liderliği Semineri
https://kampusetkinlikleri.com/etkinlik/817/big-four-summit,Big Four Summit
https://kampusetkinlikleri.com/etkinlik/970/insan-kaynaklarinda-egitim-yonetimi,İnsan Kaynaklarında Eğitim Yönetimi
https://kampusetkinlikleri.com/etkinlik/968/ik-sureclerinin-genel-degerlendirilmesi-ve-performans-yonetimi,İK Süreçlerinin Genel Değerlendirilmesi ve Performans Yönetimi
https://kampusetkinlikleri.com/etkinlik/819/15.eymir-golu-liderlik-oyunlari,15.Eymir Gölü Liderlik Oyunları
https://kampusetkinlikleri.com/etkinlik/814/wake-up-fest17,Wake Up Fest17
https://kampusetkinlikleri.com/etkinlik/815/advanced-consultancy-training,Advanced Consultancy Training
https://kampusetkinlikleri.com/etkinlik/906/istatistik-bolumu-kahvalti-bulusmasi,İstatistik Bölümü Kahvaltı Buluşması
https://kampusetkinlikleri.com/etkinlik/1144/ddk-tanisma-kahvesi,DDK Tanışma Kahvesi
https://kampusetkinlikleri.com/etkinlik/837/futag-teknik-gezi,FÜTAG TEKNİK GEZİ
https://kampusetkinlikleri.com/etkinlik/901/it-fest-2017,IT FEST 2017
https://kampusetkinlikleri.com/etkinlik/925/2017-2018-donemi-tanisma-toplantisi,2017-2018 Dönemi Tanışma Toplantısı
https://kampusetkinlikleri.com/etkinlik/710/tomorrowland-eurotech-tour-3,Tomorrowland Eurotech Tour/3
https://kampusetkinlikleri.com/etkinlik/805/6.geleneksel-acik-hava-sinemasi,6.GELENEKSEL AÇIK HAVA SİNEMASI
https://kampusetkinlikleri.com/etkinlik/903/teknopark-gezisi,Teknopark Gezisi
https://kampusetkinlikleri.com/etkinlik/797/flashlight,Flashlight
https://kampusetkinlikleri.com/etkinlik/794/akademi-kariyer-gunleri,Akademi Kariyer Günleri
https://kampusetkinlikleri.com/etkinlik/802/ulusal-girisimcilik-zirvesi-7,ULUSAL GİRİŞİMCİLİK ZİRVESİ 7
https://kampusetkinlikleri.com/etkinlik/796/robocot-festivali-2017,Robocot Festivali 2017
https://kampusetkinlikleri.com/etkinlik/801/istanbul-enerji-zirvesi,İstanbul Enerji Zirvesi
https://kampusetkinlikleri.com/etkinlik/905/kariyer-gunu,Kariyer Günü
https://kampusetkinlikleri.com/etkinlik/786/iot-line-fair-17,IoT Line Fair'17
https://kampusetkinlikleri.com/etkinlik/790/sisecam-ile-sirket-gezgini,Şişecam ile Şirket Gezgini
https://kampusetkinlikleri.com/etkinlik/787/bahar-partisi,Bahar Partisi
https://kampusetkinlikleri.com/etkinlik/926/milli-savunma-sanayii-ve-alt-sistemler-teknolojileri-zirvesi,Milli Savunma Sanayii ve Alt Sistemler Teknolojileri Zirvesi
https://kampusetkinlikleri.com/etkinlik/789/izu-genc-is-liderleri-zirvesi-17,İZÜ Genç İş Liderleri Zirvesi'17
https://kampusetkinlikleri.com/etkinlik/780/buyuk-bulusma-17-futurizm-inovasyon,Büyük Buluşma'17: Fütürizm & İnovasyon
https://kampusetkinlikleri.com/etkinlik/784/techdays-17,TechDays'17
https://kampusetkinlikleri.com/etkinlik/791/gelecek-kampi-17,Gelecek Kampı'17
https://kampusetkinlikleri.com/etkinlik/793/bau-enerji-gunleri-17,BAU ENERJİ GÜNLERİ'17
https://kampusetkinlikleri.com/etkinlik/788/kariyer-gunleri17,Kariyer Günleri17
https://kampusetkinlikleri.com/etkinlik/785/guney-cin-denizinde-uluslararasi-hukuk-sorunlari,Güney Çin Denizinde Uluslararası Hukuk Sorunları
https://kampusetkinlikleri.com/etkinlik/776/unilever-ile-sektorun-icinden,Unilever ile Sektörün İçinden
https://kampusetkinlikleri.com/etkinlik/732/italya-da-hukuk-calistayi,İtalya'da Hukuk Çalıştayı
https://kampusetkinlikleri.com/etkinlik/777/smit-summit,SMİT SUMMİT
https://kampusetkinlikleri.com/etkinlik/778/huprog-17,HUPROG '17
https://kampusetkinlikleri.com/etkinlik/733/gilt-akademi-17,GİLT Akademi'17
https://kampusetkinlikleri.com/etkinlik/783/bugun-gunlerden-yarin---dogus-grubu,BUGÜN GÜNLERDEN YARIN - DOĞUŞ GRUBU
https://kampusetkinlikleri.com/etkinlik/779/3.-kristal-yaka-is-odulleri,3. Kristal Yaka İş Ödülleri
https://kampusetkinlikleri.com/etkinlik/782/10.sektor-gunleri-turizm-sektoru,10.Sektör Günleri-Turizm Sektörü
https://kampusetkinlikleri.com/etkinlik/729/mowie-kisa-film-yarismasi,MOWIE Kısa Film Yarışması
https://kampusetkinlikleri.com/etkinlik/770/12.-akademi-em,12. AKADEMİ-EM
https://kampusetkinlikleri.com/etkinlik/771/bireysel-gelisim-gunleri,Bireysel Gelişim Günleri
https://kampusetkinlikleri.com/etkinlik/773/8.-itu-muhendislik-yarismasi,8. İTÜ Mühendislik Yarışması
https://kampusetkinlikleri.com/etkinlik/892/paket-taxi-coffeetalks,Paket Taxi CoffeeTalks
https://kampusetkinlikleri.com/etkinlik/765/guc-ve-enerji-kongresi,Güç ve Enerji Kongresi
https://kampusetkinlikleri.com/etkinlik/767/finans-ekonomi-istatistik-kongresi,FİNANS EKONOMİ İSTATİSTİK KONGRESİ
https://kampusetkinlikleri.com/etkinlik/720/bogazici-business-challenge,Boğaziçi Business Challenge
https://kampusetkinlikleri.com/etkinlik/750/19.-ulusal-kalite-gunleri,19. Ulusal Kalite Günleri
https://kampusetkinlikleri.com/etkinlik/753/9.-sektor-girisimleri---oyun-ve-yazilim,9. Sektör Girişimleri - Oyun ve Yazılım
https://kampusetkinlikleri.com/etkinlik/757/rota-17,ROTA'17
https://kampusetkinlikleri.com/etkinlik/764/big-factory-muzik-produksiyon-workshop-unis-academy,BIG Factory Müzik Prodüksiyon Workshop / Unis Academy
https://kampusetkinlikleri.com/etkinlik/766/start-up-101---yazdiramayanlar-icin-yazdirma-sanati,Start Up 101 - Yazdıramayanlar için Yazdırma Sanatı
https://kampusetkinlikleri.com/etkinlik/752/reunion-17,Reunion'17
https://kampusetkinlikleri.com/etkinlik/758/createchplus-2017---egiad-melekleri-ana-sponsorlugunda,CreaTECH+ 2017 - Egiad Melekleri Ana Sponsorluğunda
https://kampusetkinlikleri.com/etkinlik/759/inogenc-zirvesi-3,İnogenç Zirvesi 3
https://kampusetkinlikleri.com/etkinlik/761/kariyer-gunleri,Kariyer Günleri
https://kampusetkinlikleri.com/etkinlik/870/istanbul-best-career-day,Istanbul BEST Career Day
https://kampusetkinlikleri.com/etkinlik/762/makinistanbul-17,Makinistanbul'17
https://kampusetkinlikleri.com/etkinlik/742/humanspire-insan-kaynaklari-zirvesi,Humanspire İnsan Kaynakları Zirvesi
https://kampusetkinlikleri.com/etkinlik/751/kampuste-reklam-var-13,Kampüste Reklam Var'13
https://kampusetkinlikleri.com/etkinlik/711/ulusal-nanoteknoloji-ogrenci-kongresi,Ulusal Nanoteknoloji Öğrenci Kongresi
https://kampusetkinlikleri.com/etkinlik/725/muhendislikte-topuk-sesleri,Mühendislikte Topuk Sesleri
https://kampusetkinlikleri.com/etkinlik/754/18.-yonetim-bilimleri-kongresi,18. Yönetim Bilimleri Kongresi
https://kampusetkinlikleri.com/etkinlik/755/anayasa-degisikligi-sempozyumu,Anayasa Değişikliği Sempozyumu
https://kampusetkinlikleri.com/etkinlik/746/marka-zirvesi,MARKA ZİRVESİ
https://kampusetkinlikleri.com/etkinlik/728/zirve-17,Zirve '17
https://kampusetkinlikleri.com/etkinlik/748/politika-guvenlik-zirvesi-guvenli-gelecek,POLİTİKA GÜVENLİK ZİRVESİ / GÜVENLİ GELECEK
https://kampusetkinlikleri.com/etkinlik/760/7.ekonomi-gunu,7.EKONOMİ GÜNÜ
https://kampusetkinlikleri.com/etkinlik/701/kariyer-panayiri,KARİYER PANAYIRI
https://kampusetkinlikleri.com/etkinlik/749/bir-fikir-bir-girisim,Bir Fikir Bir Girişim
https://kampusetkinlikleri.com/etkinlik/724/kampus-gelisim-gunleri-17,Kampüs Gelişim Günleri'17
https://kampusetkinlikleri.com/etkinlik/716/yonet-17-turkiye-nin-yoneticilik-ve-liderlik-kampi,YÖNET'17  Türkiye'nin Yöneticilik ve Liderlik Kampı
https://kampusetkinlikleri.com/etkinlik/722/11.-muhendislik-ve-yonetim-akademisi,11. Mühendislik ve Yönetim Akademisi
https://kampusetkinlikleri.com/etkinlik/730/17.-yonetim-ve-muhendislik-gunleri,17. Yönetim ve Mühendislik Günleri
https://kampusetkinlikleri.com/etkinlik/738/liderlik-ve-kariyer-zirvesi,LİDERLİK VE KARİYER ZİRVESİ
https://kampusetkinlikleri.com/etkinlik/721/8.-ktu-medya-odulleri,8. KTÜ MEDYA ÖDÜLLERİ
https://kampusetkinlikleri.com/etkinlik/740/mectalks,MECTALKS
https://kampusetkinlikleri.com/etkinlik/726/8.endustri-muhendisligi-kongresi,8.Endüstri Mühendisliği Kongresi
https://kampusetkinlikleri.com/etkinlik/727/12.ulusal-profesyoneller-ve-basarili-yoneticilerle-sektorler-kongresi,12.Ulusal Profesyoneller ve Başarılı Yöneticilerle Sektörler Kongresi
https://kampusetkinlikleri.com/etkinlik/737/16.emg,16.EMG
https://kampusetkinlikleri.com/etkinlik/736/ieee-gtu-wie-tea-talks,IEEE GTÜ Wie Tea Talks
https://kampusetkinlikleri.com/etkinlik/719/beyin-17,Beyin'17
https://kampusetkinlikleri.com/etkinlik/718/12th-international-supply-chain-camp,12th International Supply Chain Camp
https://kampusetkinlikleri.com/etkinlik/713/connective-talks,Connective Talks
https://kampusetkinlikleri.com/etkinlik/714/itu-emos-kariyer-atolyeleri,İTÜ EMÖS Kariyer Atölyeleri
https://kampusetkinlikleri.com/etkinlik/681/24.-itu-emos,24. İTÜ EMÖS
https://kampusetkinlikleri.com/etkinlik/671/ieee-ataturk-universitesi-sb-eurotech-tour-2,IEEE Atatürk Üniversitesi SB EuroTech Tour-2
https://kampusetkinlikleri.com/etkinlik/891/mecinjob-markafoni,MecinJob Markafoni 
https://kampusetkinlikleri.com/etkinlik/673/yildizlarin-altinda-ihracat-zirvesi,Yıldızların Altında İhracat Zirvesi
https://kampusetkinlikleri.com/etkinlik/706/gelisim-v3.0,Gelişim v3.0
https://kampusetkinlikleri.com/etkinlik/712/rota-da-kariyer-soylesisi,Rota'da Kariyer Söyleşisi
https://kampusetkinlikleri.com/etkinlik/702/12.-genc-akademi,12. Genç Akademi
https://kampusetkinlikleri.com/etkinlik/708/teb-aile-akademisi-finansal-okur-yazarlik-egitimi,TEB Aile Akademisi Finansal Okur Yazarlık Eğitimi
https://kampusetkinlikleri.com/etkinlik/696/8.-ulusal-kariyerimin-kimyasi,8. Ulusal Kariyerimin Kimyası
https://kampusetkinlikleri.com/etkinlik/705/kariyer-sokagi-zirvesi-4,Kariyer Sokağı Zirvesi 4
https://kampusetkinlikleri.com/etkinlik/709/hukuk-muhakemesinde-istinaf-uygulamasi,HUKUK MUHAKEMESİNDE İSTİNAF UYGULAMASI
https://kampusetkinlikleri.com/etkinlik/707/sektor-gunleri,Sektör Günleri
https://kampusetkinlikleri.com/etkinlik/692/incase-16-turkiye-nin-vaka-analiz-kampi,InCase'16 Türkiye'nin Vaka Analiz Kampı
https://kampusetkinlikleri.com/etkinlik/666/cacaron-16,Çaçaron'16
https://kampusetkinlikleri.com/etkinlik/691/c-level-only-3,C-Level Only 3
https://kampusetkinlikleri.com/etkinlik/698/4g-girisimcilik-kongresi,4G Girişimcilik Kongresi
https://kampusetkinlikleri.com/etkinlik/699/insan-kaynaklari-zirvesi,İNSAN KAYNAKLARI ZİRVESİ
https://kampusetkinlikleri.com/etkinlik/704/satis-ve-pazarlama-stratejileri,Satış ve Pazarlama Stratejileri
https://kampusetkinlikleri.com/etkinlik/682/neon-party,Neon Party
https://kampusetkinlikleri.com/etkinlik/694/youtube-zirvesi,YouTube Zirvesi
https://kampusetkinlikleri.com/etkinlik/690/9.yurt-disi-firsatlari-semineri,9.Yurt Dışı Fırsatları Semineri
https://kampusetkinlikleri.com/etkinlik/680/11.-kariyer-gunleri,11. Kariyer Günleri
https://kampusetkinlikleri.com/etkinlik/697/farkindalik-zirvesi,Farkındalık Zirvesi
https://kampusetkinlikleri.com/etkinlik/1143/farkindalik-zirvesi-16,Farkındalık Zirvesi 16'
https://kampusetkinlikleri.com/etkinlik/674/11.-reklamcilik-ve-pazarlama-gunleri,11. Reklamcılık ve Pazarlama Günleri
https://kampusetkinlikleri.com/etkinlik/683/marmara-universitesi-3.-makine-muhendisligi-gunleri,Marmara Üniversitesi 3. Makine Mühendisliği Günleri
https://kampusetkinlikleri.com/etkinlik/695/emel-colgecen-ile-soylesi,Emel Çölgeçen ile Söyleşi
https://kampusetkinlikleri.com/etkinlik/834/topicon-is-fuari,Topicon İş Fuarı
https://kampusetkinlikleri.com/etkinlik/650/bogazici-marka-zirvesi,Boğaziçi Marka Zirvesi
https://kampusetkinlikleri.com/etkinlik/693/robotik-sistemler-egitimi,ROBOTİK SİSTEMLER EĞİTİMİ
https://kampusetkinlikleri.com/etkinlik/668/kariyer-adimlari-serisi-9,Kariyer Adımları Serisi 9
https://kampusetkinlikleri.com/etkinlik/689/hasta-haklari-ve-hekim-sorumlulugu,Hasta Hakları ve Hekim Sorumluluğu
https://kampusetkinlikleri.com/etkinlik/665/liderlik-zirvesi-16,Liderlik Zirvesi'16
https://kampusetkinlikleri.com/etkinlik/676/is-in-duayenleri-kampuste-16,İş'in Duayenleri Kampüste'16
https://kampusetkinlikleri.com/etkinlik/678/benim-kariyerim-iii,Benim Kariyerim III
https://kampusetkinlikleri.com/etkinlik/679/finans-zirvesi---erciyes-universitesi,Finans Zirvesi - Erciyes Üniversitesi
https://kampusetkinlikleri.com/etkinlik/677/egenomi-zirvesi,Egenomi Zirvesi
https://kampusetkinlikleri.com/etkinlik/684/kesfetmeye-kazanmakla-basla-work-and-travel,Keşfetmeye Kazanmakla Başla: WORK AND TRAVEL !
https://kampusetkinlikleri.com/etkinlik/686/film-gosterimi-soylesi,Film Gösterimi & Söyleşi
https://kampusetkinlikleri.com/etkinlik/687/medya-ve-haberlesme-ozgurlugu-konferansi,Medya ve Haberleşme Özgürlüğü Konferansı
https://kampusetkinlikleri.com/etkinlik/643/finance-break-finans-gunleri,Finance Break Finans Günleri
https://kampusetkinlikleri.com/etkinlik/657/communications-week-sharp7,Communications Week #7
https://kampusetkinlikleri.com/etkinlik/685/cocuk-haklari-cocuk-istismari,Çocuk Hakları: Çocuk İstismarı
https://kampusetkinlikleri.com/etkinlik/654/9.-bilisim-teknolojileri-zirvesi,9. Bilişim Teknolojileri Zirvesi
https://kampusetkinlikleri.com/etkinlik/669/ohm-s-day,OHM's Day
https://kampusetkinlikleri.com/etkinlik/670/uluslararasi-hukukta-kariyer,Uluslararası Hukukta Kariyer
https://kampusetkinlikleri.com/etkinlik/675/kamuda-kariyer-firsatlari,Kamuda Kariyer Fırsatları
https://kampusetkinlikleri.com/etkinlik/652/7.finans-ve-yazilim-gunleri,7.Finans ve Yazılım Günleri
https://kampusetkinlikleri.com/etkinlik/664/mse-16-plus-bogazici-is-dunyasi-odulleri,MSE '16 + Boğaziçi İş Dünyası Ödülleri
https://kampusetkinlikleri.com/etkinlik/663/6.-gelisim-platformu,6. GELİŞİM PLATFORMU
https://kampusetkinlikleri.com/etkinlik/648/otomasyon-akademisi,OTOMASYON AKADEMİSİ
https://kampusetkinlikleri.com/etkinlik/653/1plus1-selim-gecit-kaan-kural,1+1 : Selim Geçit & Kaan Kural
https://kampusetkinlikleri.com/etkinlik/645/adhere-reklamcilik-gunleri,ADhere Reklamcılık Günleri
https://kampusetkinlikleri.com/etkinlik/658/start-up-16-eskisehir,Start-up '16 Eskişehir
https://kampusetkinlikleri.com/etkinlik/672/10.-finans-kongresi,10. Finans Kongresi
https://kampusetkinlikleri.com/etkinlik/656/dogal-bi-girisim,Doğal Bi' Girişim
https://kampusetkinlikleri.com/etkinlik/659/bankacilik-ve-denetim-zirvesi,Bankacılık ve Denetim Zirvesi
https://kampusetkinlikleri.com/etkinlik/660/getek-16,GETEK'16
https://kampusetkinlikleri.com/etkinlik/662/3m-musteri-inovasyon-merkezi,3M Müşteri İnovasyon Merkezi
https://kampusetkinlikleri.com/etkinlik/644/savunma-sanayii-gunleri-2016,Savunma Sanayii Günleri 2016
https://kampusetkinlikleri.com/etkinlik/638/pazarlama-ve-finans-zirvesi,PAZARLAMA VE FİNANS ZİRVESİ
https://kampusetkinlikleri.com/etkinlik/655/uni-day-16,Uni-Day '16
https://kampusetkinlikleri.com/etkinlik/646/pusula,PUSULA
https://kampusetkinlikleri.com/etkinlik/647/bogazici-universitesi-tedpro-network,Bogazici Universitesi TEDpro: Network
https://kampusetkinlikleri.com/etkinlik/640/bogazici-ekonomi-sohbetleri---prof.-dr.-ozgur-demirtas,Boğaziçi Ekonomi Sohbetleri - Prof. Dr. Özgür Demirtaş
https://kampusetkinlikleri.com/etkinlik/633/insan-kaynaklari-zirvesi,İnsan Kaynakları Zirvesi
https://kampusetkinlikleri.com/etkinlik/639/elektronik-ve-haberlesme-paneli-sharp5,Elektronik ve Haberleşme Paneli #5
https://kampusetkinlikleri.com/etkinlik/642/reklam-arasi-pazarlama-6,REKLAM ARASI PAZARLAMA 6
https://kampusetkinlikleri.com/etkinlik/629/24.-itu-sektor-gunleri,24. İTÜ Sektör Günleri
https://kampusetkinlikleri.com/etkinlik/641/buyuk-isletme-kulubu-partisi,Büyük İşletme Kulübü Partisi
https://kampusetkinlikleri.com/etkinlik/630/gelecegin-turkiyesi-enerji-politikalari-ve-ozel-sektor-perspektifi,Geleceğin Türkiyesi : Enerji Politikaları ve Özel Sektör Perspektifi
https://kampusetkinlikleri.com/etkinlik/1142/ddk-akademi-16,DDK Akademi 16'
https://kampusetkinlikleri.com/etkinlik/632/otomotivin-cilgin-turk-u-erbakan-malkoc,Otomotivin Çılgın Türk'ü: ERBAKAN MALKOÇ
https://kampusetkinlikleri.com/etkinlik/626/isletme-fakultesi-acilis-partisi,İşletme Fakültesi Açılış Partisi
https://kampusetkinlikleri.com/etkinlik/627/1.-bilim-ve-kariyer-gunu,1. Bilim ve Kariyer Günü
https://kampusetkinlikleri.com/etkinlik/628/sirket-gezgini,Şirket Gezgini
https://kampusetkinlikleri.com/etkinlik/1141/itu-ddk-1.-genel-toplantisi,İTÜ DDK 1. Genel Toplantısı
https://kampusetkinlikleri.com/etkinlik/1140/itu-denetim-ve-danismanlik-kulubu-tanisma-cayi,İTÜ Denetim ve Danışmanlık Kulübü Tanışma Çayı
https://kampusetkinlikleri.com/etkinlik/625/itu-muzikal-toplulugu-secmeleri-2016-2017,İTÜ Müzikal Topluluğu Seçmeleri 2016-2017
https://kampusetkinlikleri.com/etkinlik/621/italya-calistayi,İtalya Çalıştayı
https://kampusetkinlikleri.com/etkinlik/623/geleneksel-5.-acik-hava-sinemasi,Geleneksel 5. Açık Hava Sineması
https://kampusetkinlikleri.com/etkinlik/620/tedxhacettepeuniversity,TEDxHacettepeUniversity
https://kampusetkinlikleri.com/etkinlik/601/yildizli-projeler-yarismasi-2016,YILDIZLI PROJELER YARIŞMASI 2016
https://kampusetkinlikleri.com/etkinlik/608/robofest-robot-yarismasi,Robofest Robot Yarışması
https://kampusetkinlikleri.com/etkinlik/622/bahar-2016-senligi,BAHAR 2016 ŞENLİĞİ
https://kampusetkinlikleri.com/etkinlik/619/kariyer-gunleri-16,Kariyer Günleri '16
https://kampusetkinlikleri.com/etkinlik/616/endustri-ve-girisimcilik-zirvesi-2016,Endüstri Ve Girişimcilik Zirvesi 2016
https://kampusetkinlikleri.com/etkinlik/618/3.bilim-ve-teknoloji-gunleri,3.Bilim Ve Teknoloji Günleri
https://kampusetkinlikleri.com/etkinlik/554/mekatronik-ve-inovasyon-gunleri,Mekatronik ve İnovasyon Günleri
https://kampusetkinlikleri.com/etkinlik/598/bi-lider,Bi'Lider
https://kampusetkinlikleri.com/etkinlik/606/gilt-akademi-16,GİLT Akademi '16
https://kampusetkinlikleri.com/etkinlik/611/imalat-teknolojileri-etkinligi-16,İmalat Teknolojileri Etkinliği'16
https://kampusetkinlikleri.com/etkinlik/612/gen-16,GEN'16
https://kampusetkinlikleri.com/etkinlik/604/turkiye-deki-siginmacilarin-gelecegi,TÜRKİYE'DEKİ SIĞINMACILARIN GELECEĞİ
https://kampusetkinlikleri.com/etkinlik/609/motivasyon-bay-ifade-volkan-akay,Motivasyon 'Bay İfade Volkan AKAY'
https://kampusetkinlikleri.com/etkinlik/605/ceo-lar-kampuste,Ceo'lar Kampüste
https://kampusetkinlikleri.com/etkinlik/607/8.-girisimcilik-ve-muhendislik-zirvesi,8. Girişimcilik ve Mühendislik Zirvesi
https://kampusetkinlikleri.com/etkinlik/603/yaka-16-yasam-ve-kariyer-panayiri,Yaka'16 Yaşam ve Kariyer Panayırı
https://kampusetkinlikleri.com/etkinlik/590/just-marketin-16,Just Marketin//16
https://kampusetkinlikleri.com/etkinlik/594/finans-istatistik-ekonomi-16,FİNANS İSTATİSTİK EKONOMİ 16
https://kampusetkinlikleri.com/etkinlik/602/girdap-16,GİRDAP'16
https://kampusetkinlikleri.com/etkinlik/595/ey-ile-sektorun-icinden,EY ile Sektörün İçinden
https://kampusetkinlikleri.com/etkinlik/600/gobi---uluslararasi-ogrenci-zirvesi-2016,GOBI - Uluslararası Öğrenci Zirvesi 2016
https://kampusetkinlikleri.com/etkinlik/599/iliskilerde-ego-oyunlari-konferansi,İlişkilerde Ego Oyunları Konferansı
https://kampusetkinlikleri.com/etkinlik/593/itu-robot-olimpiyatlari-2016,İTÜ Robot Olimpiyatları 2016
https://kampusetkinlikleri.com/etkinlik/596/konusmalar-dogan-hasol-ile-20.yuzyil-turkiye-mimarligi,KONUŞMALAR: Doğan Hasol ile 20.yüzyıl Türkiye Mimarlığı
https://kampusetkinlikleri.com/etkinlik/597/konusmalar-bahadir-kul,KONUŞMALAR: Bahadır KUL
https://kampusetkinlikleri.com/etkinlik/558/bogazici-muhendislik-zirvesi-16,Boğaziçi Mühendislik Zirvesi'16
https://kampusetkinlikleri.com/etkinlik/560/yildiz-savaslari-16,YILDIZ SAVAŞLARI'16
https://kampusetkinlikleri.com/etkinlik/592/makinistanbul,Makinistanbul
https://kampusetkinlikleri.com/etkinlik/544/dunden-yarina-dunya-16,Dünden Yarına Dünya'16
https://kampusetkinlikleri.com/etkinlik/535/robokan-robot-yarismasi,ROBOKAN ROBOT YARIŞMASI
https://kampusetkinlikleri.com/etkinlik/579/beta-sektor-gunleri-2016,BETA Sektör Günleri 2016
https://kampusetkinlikleri.com/etkinlik/582/otomotiv-teknolojileri-etkinligi-16,Otomotiv Teknolojileri Etkinliği'16
https://kampusetkinlikleri.com/etkinlik/530/11.iltek-gunleri,11.İLTEK Günleri
https://kampusetkinlikleri.com/etkinlik/583/3.-tiyatro-gunleri,3. Tiyatro Günleri
https://kampusetkinlikleri.com/etkinlik/589/bankada-matematikciler,Bankada Matematikçiler
https://kampusetkinlikleri.com/etkinlik/571/zakkum-konseri,Zakkum Konseri
https://kampusetkinlikleri.com/etkinlik/869/7.-ebec-istanbul-itu-best-muhendislik-yarismasi,7. EBEC Istanbul (İTÜ BEST MÜHENDİSLİK YARIŞMASI)
https://kampusetkinlikleri.com/etkinlik/581/nasuh-mahruki-ile-liderlik-soylesisi,Nasuh Mahruki İle Liderlik Söyleşisi
https://kampusetkinlikleri.com/etkinlik/576/kimya-bilim-ve-sektor-gunleri,Kimya Bilim ve Sektör Günleri
https://kampusetkinlikleri.com/etkinlik/572/set-robert-de-niro-movie-night,SET Robert De Niro Movie Night
https://kampusetkinlikleri.com/etkinlik/564/investimate-sanal-yatirim-yarismasi,Investimate Sanal Yatırım Yarışması
https://kampusetkinlikleri.com/etkinlik/557/star-wars-film-haftasi,STAR WARS FİLM HAFTASI
https://kampusetkinlikleri.com/etkinlik/538/1.-uluslararasi-marmara-robot-olimpiyatlari,1. Uluslararası Marmara Robot Olimpiyatları
https://kampusetkinlikleri.com/etkinlik/542/hayrettin-okan-da,Hayrettin Okan'da!
https://kampusetkinlikleri.com/etkinlik/528/4.-genetik-ve-biyomuhendislik-gunleri,4. GENETİK ve BİYOMÜHENDİSLİK GÜNLERİ
https://kampusetkinlikleri.com/etkinlik/547/4.-yaratici-fikirler-yarismasi,4. Yaratıcı Fikirler Yarışması
https://kampusetkinlikleri.com/etkinlik/524/sadettin-saran-ile-soylesi,Sadettin Saran ile Söyleşi
https://kampusetkinlikleri.com/etkinlik/556/9.-ucari-ulusal-vaka-analizi-yarismasi,9. UçArı Ulusal Vaka Analizi Yarışması
https://kampusetkinlikleri.com/etkinlik/868/8.-yurt-disi-firsatlari-semineri,8. Yurt Dışı Fırsatları Semineri
https://kampusetkinlikleri.com/etkinlik/525/uludag-universitesi-insan-kaynaklari-zirvesi-15,Uludağ Üniversitesi İnsan Kaynakları Zirvesi'15
https://kampusetkinlikleri.com/etkinlik/867/politecnico-di-milano-semineri,Politecnico di Milano Semineri
https://kampusetkinlikleri.com/etkinlik/866/salini-impregilo-company-day,Salini Impregilo Company Day
https://kampusetkinlikleri.com/etkinlik/865/6.-itu-best-muhendislik-yarismasi,6. İTÜ BEST Mühendislik Yarışması
https://kampusetkinlikleri.com/etkinlik/575/liderlik-kampi-16,Liderlik Kampı'16
https://kampusetkinlikleri.com/etkinlik/864/p-g-proje-yonetimi-egitimi,P&G Proje Yönetimi Eğitimi
https://kampusetkinlikleri.com/etkinlik/822/5.-etkilesim-gelisim-kampi,5. Etkileşim & Gelişim Kampı
https://kampusetkinlikleri.com/etkinlik/863/turkiye-is-ve-staj-fuari,Türkiye İş ve Staj Fuarı
https://kampusetkinlikleri.com/etkinlik/861/4.-avrupa-best-kariyer-gunu,4. Avrupa BEST Kariyer Günü
https://kampusetkinlikleri.com/etkinlik/1195/leap-18,LEAP'18
https://kampusetkinlikleri.com/etkinlik/1493/22.-ulusal-kalite-gunleri,22. Ulusal Kalite Günleri
https://kampusetkinlikleri.com/etkinlik/1303/is-te-kadin-9,İŞ'TE KADIN 9
